product,piece,kg,l,ml,price_gel,kcal,fats,carbs,protein,kcal_per_package,fats_per_package,carbs_per_package,protein_per_package
"ძმარი ღვინის ""ოდა"" სუფრის",0,0,0.5,0,2.4,19,0,0.2,0,95,0,1,0
"ძმარი ვაშლის ""გემო""",0,0,0.5,0,3.5,21,0,0.9,0,105,0,4.5,0
"ძმარი ღვინის ""ოდა"" ნატურალური",0,0,0.5,0,2.65,19,0,0.2,0,95,0,1,0
"სოუსი ლიმონის ""გემო""",0,0,0.5,0,3.5,25,0.1,2.5,0.1,125,0.5,12.5,0.5
"შაქარი ""ზოგე""",0,1,0,0,1.95,400,0,100,0,4000,0,1000,0
"შაქარი ""ზოგე""",0,2,0,0,3.99,400,0,100,0,8000,0,2000,0
"შაქრის პუდრა ""იამუნა""",0,0.1,0,0,1.6,399,0,99.8,0,399,0,99.8,0
"შაქარი ყავისფერი ""ლერწმის""",0,0.8,0,0,5.49,380,0,98,0.1,3040,0,784,0.8
"შაქარი ნატეხი ""აზერ შაქარი""",0,0.15,0,0,1.8,400,0,100,0,600,0,150,0
"მარილი ""ზოგე"" სუფრის",0,1,0,0,0.95,0,0,0,0,0,0,0,0
"მარილი ""ზოგე"" იოდიზირებული",0,0.75,0,0,0.85,0,0,0,0,0,0,0,0
"მარილი ""ჯეო"" სვანური",0,0.05,0,0,1.5,45,1.2,6.5,1.8,22.5,0.6,3.25,0.9
"მარილი ""ზოგე"" იოდიზირებული (პლ)",0,0.5,0,0,2.5,0,0,0,0,0,0,0,0
"მარილი ""ჰიმალაი"" მუყაო",0,0.4,0,0,5.75,0,0,0,0,0,0,0,0
"მაკარონი ""რეგია"" სპაგეტი",0,0.5,0,0,4.1,350,1.2,71,12,1750,6,355,60
"მაკარონი ""რეგია"" ფუსილი",0,0.5,0,0,4.1,350,1.2,71,12,1750,6,355,60
დონა კიარა ნიჟარა,0,0.5,0,0,3.5,355,1.5,71,11.5,1775,7.5,355,57.5
დონა კიარა ფუსილი,0,0.5,0,0,3.5,355,1.5,71,11.5,1775,7.5,355,57.5
დონა კიარა პენე რიგატე,0,0.5,0,0,3.5,355,1.5,71,11.5,1775,7.5,355,57.5
პასტა დი რიზი ფარფალე,0,0.4,0,0,0.99,350,1.1,77,7.5,1400,4.4,308,30
დონა კიარა ფეტუჩი,0,0.5,0,0,4.95,355,1.5,71,11.5,1775,7.5,355,57.5
პასტა დი რიზი პენე რიგატე,0,0.4,0,0,0.99,350,1.1,77,7.5,1400,4.4,308,30
რეგია ვერმიშელი,0,0.5,0,0,4.1,360,1.3,73,12.5,1800,6.5,365,62.5
პასტა დი რიზი ვერმიშელი,0,0.4,0,0,0.99,350,1.1,77,7.5,1400,4.4,308,30
დონა კიარა სპაგეტი,0,0.5,0,0,3.5,350,1.5,71,11.5,1750,7.5,355,57.5
პასტა დი როზი სპაგეტი,0,0.4,0,0,0.99,360,1.3,73,12.5,1440,5.2,292,50
"დონა კიარა: ლაზანიას ფირფიტები	0.5 კგ	0	0.5	0	0	6.5	351	1.5	71	12
მანანის ბურღულეული სონიშკო""",0,0.5,0,0,2.9,328,1,67,10.3,1640,5,335,51.5
"მანანის ბურღულეული ""ალტაისკაია სკაზა""",0,0.7,0,0,2.6,333,1,70.6,10.3,2331,7,494.2,72.1
"ბრინჯი ბასმათი ""ლალქილა""",0,1,0,0,8.95,345,0,78,6.7,3450,0,780,67
"ბრინჯი გრძელი ""ზოგე""",0,1,0,0,2.5,349,0.7,78.9,6.7,3490,7,789,67
"ბრიჯი დაორთქლილი ""ზოგე""",0,1,0,0,2.55,341,0.6,77,7,3410,6,770,70
"ბრიჯი მრგვალი ""ზოგე""",0,0.5,0,0,1.95,332.9,2.53,70.25,7.3,1664.5,12.65,351.25,36.5
"წიწიბურა ""ზოგე""",0,1,0,0,2.05,354.9,2.89,70.64,11.6,3549,28.9,706.4,116
"წიწიბურა ""ალტაისკაია სკაზა""",0,0.8,0,0,3.95,329,3.3,61,12.6,2632,26.4,488,100.8
"ლობიო ""ზოგე""",0,1,0,0,4.9,279.8,2,47,20.96,2798,20,470,209.6
"ლობიო გურულა ""ზოგე""",0,0.8,0,0,6.85,279.8,2,47,20.96,2238.4,16,376,167.68
"კუსკუსი ""ნატურალსი""",0,0.35,0,0,5.5,356,0.6,72.4,12.8,1246,2.1,253.4,44.8
"ოსპი ""ზოგე""",0,0.8,0,0,4.5,350,1.1,60,25,2800,8.8,480,200
"ბარდა ""ალტაისკაია სკაზა""",0,0.8,0,0,2.55,323,1.6,48.3,20.5,2584,12.8,386.4,164
"ჩია ""ჯეო""",0,0.08,0,0,3.2,486,31,42.1,16.5,388.8,24.8,33.68,13.2
"სელი ""ჯეო""",0,0.08,0,0,2.2,534,42,29,18,427.2,33.6,23.2,14.4
"ფანტელი სიმინდის ""ვიტბა""",0,0.35,0,0,3.95,360,1.5,78,,1260,5.25,273,0
"ფანტელი შვრიის ""სოლნიშკო""",0,0.5,0,0,3.35,380,7,60,8,1900,35,300,40
"ფანტელი შვრიის ""სოლნიშკო"" ქლიავით",0,0.045,0,0,1.25,360,6,60,13,162,2.7,27,5.85
"ფანტელი შვრიის ""სოლნიშკო"" ალუბლის",0,0.045,0,0,1.25,360,5,67,11,162,2.25,30.15,4.95
"ფანტელი შვრიის ""სოლნიშკო""",0,0.35,0,0,3.6,380,7,60,9,1330,24.5,210,31.5
"ფანტელი შვრიის ""კრუპნო""",0,0.5,0,0,2.85,360,6,59,13,1800,30,295,65
"ფანტელი შვრიის ""სოლნიშკო"" 5 მარცვალი",0,0.4,0,0,3.95,340,3,63,13,1360,12,252,52
"ფანტელი შვრიის ""სოლნიშკო"" გარგარი",0,0.3,0,0,4.95,350,5.5,58,11,1050,16.5,174,33
"ფანტელი შვრიის ""სოლნიშკო"" ქლიავით",0,0.3,0,0,4.95,360,6,60,11,1080,18,180,33
"მზა საუზმე ""აქსა"" ხრაშუნა ბატონი შოკოლადით მარწყვი იოგურტი",0,0.025,0,0,1.5,365.3,10.8,67.6,11,91.325,2.7,16.9,2.75
"მზა საუზმე ""აქსა"" ხრაშუნა ბატონი შოკოლადით და თხილით",0,0.025,0,0,0.99,436,18.4,58.7,6,109,4.6,14.675,1.5
"მიუსლი ""სტარტი"" გარგარის ჩირი და ქიშმიში",0,0.375,0,0,8.65,384,9.64,63.54,7.9,1440,36.15,238.275,29.625
"მიუსლი ""აქსა"" თაფლი და კენკრა",0,0.33,0,0,7.95,395.9,13.5,63.1,8.1,1306.47,44.55,208.23,26.73
"მიუსლი ""კრუპნო"" კენკრით",0,0.3,0,0,2.95,340,5,62,7.3,1020,15,186,21.9
"ფანტელი წიწიბურის ""კრუპნო""",0,0.4,0,0,3.5,340,2,69,10.5,1360,8,276,42
"ფანტელი შვრიის ""სოლნიშკო"" კლასიკური",0,0.325,0,0,2.65,380,7,60,9,1235,22.75,195,29.25
"მიუსლი ""აქსა"" თაფლი და კენკრა",0,0.15,0,0,3.75,395.9,13.5,63.1,13,593.85,20.25,94.65,19.5
"მიუსლი ""კრუპნო"" ხილით",0,0.3,0,0,4.1,320,2.5,66,7.3,960,7.5,198,21.9
"ვანილი ""იამუნია""",0,0.002,0,0,0.4,395,0,99,0,7.9,0,1.98,0
"გასაფხვიერებელი ცომის ""იამუნია""",0,0.018,0,0,0.55,79,0,20,0.1,14.22,0,3.6,0.018
"ვანილი ""კენტი""",0,0.005,0,0,0.25,398,0,99.5,0,19.9,0,4.975,0
"საფუარი მშრალი ""იუვა""",0,0.08,0,0,1.45,331,6,16,43,264.8,4.8,12.8,34.4
"ლიმონმჟავა ""იამუნია""",0,0.02,0,0,1.2,0,0,0,0,0,0,0,0
"ჟელატინი ""იამუნია""",0,0.015,0,0,2.1,340,0.1,0,85,51,0.015,0,12.75
სოდა საკვები,0,0.5,0,0,1.5,0,0,0,0,0,0,0,0
"სანელებლები დარიჩინი ""იამუნა"" დაფქვილი",0,0.015,0,0,1.65,247,1.2,80.6,4,37.05,0.18,12.09,0.6
"სახამებელი კარტოფილის ""იამუნია""",0,0.2,0,0,3.55,330,0,83,0.3,660,0,166,0.6
"ფქვილი ხორბლის ""ფაველი"" უ/ხ",0,2,0,0,4.35,336,0.8,72.3,9.83,6720,16,1446,196.6
"ფქვილი ხორბლის ""ზოგე"" უ/ხ",0,2,0,0,3.9,329,1.5,68,11.1,6580,30,1360,222
ფქვილი სიმინდის უ/ხ,0,1,0,0,4.6,365,1.5,77,7,3650,15,770,70
"ფქვილი ხორბლის ""ზოგე"" უ/ხ",0,1,0,0,2.2,329,1.5,68,11.1,3290,15,680,111
ღერღილი სიმინდის უ/ხ,0,1,0,0,4.6,360,1.2,78,7.5,3600,12,780,75
"ფქვილი ხორბლის ""ზოგე"" უ/ხ",0,2,0,0,3.7,329,1.5,68,11.1,6580,30,1360,222
"კაკაო ""იამუნია"" შავი",0,0.025,0,0,2.35,340,11,11,24,85,2.75,2.75,6
"კაკაო ""როსიისკი""",0,0.1,0,0,7.45,300,15,10,24,300,15,10,24
"სანელებლები დარიჩინი ""ჯეო"" დაფქვილი",0,0.001,0,0,0.55,247,1.2,80.6,4,2.47,0.012,0.806,0.04
"ფქვილი ხორბლის ""ჟარკოფი"" უ/ხ",0,2,0,0,4.35,334,1.1,70.6,10.3,6680,22,1412,206
"ვერმიშელი ""დოშირაკი"" საქონლის",0,0.07,0,0,1.15,400,17,54,8,280,11.9,37.8,5.6
"ვერმიშელი ""დოშირაკი"" სოკოთი",0,0.07,0,0,1.15,400,17,54,8,280,11.9,37.8,5.6
"ვერმიშელი ""დოშირაკი"" ქათმის",0,0.07,0,0,1.15,400,17,54,8,280,11.9,37.8,5.6
"ვერმიშელი ""რონდო"" ქათმის",0,0.05,0,0,0.85,444,16,66,9,222,8,33,4.5
"ვერმიშელი ""რონდო"" ქათმის ცხარე",0,0.05,0,0,0.85,444,16,66,9,222,8,33,4.5
"ლაფშა ""დოშირაკი"" საქონლის (თეფში)",0,0.09,0,0,2.4,440,18,63,7,396,16.2,56.7,6.3
"ლაფშა ""დოშირაკი"" ქათმის (თეფში)",0,0.09,0,0,2.4,460,19,62,9,414,17.1,55.8,8.1
"ჟელე ""იამუნია"" ჟოლოს",0,0.9,0,0,2.65,380,0.04,86.4,8.7,3420,0.36,777.6,78.3
"ჟელე ""იამუნია"" ალუბლის",0,0.9,0,0,2.65,380,0.04,86.4,8.7,3420,0.36,777.6,78.3
"კისელი ""რუსკი პროდუქტ"" ჟოლოს",0,0.22,0,0,2.75,360,0,91,0.1,792,0,200.2,0.22
"კისელი ""რუსკი პროდუქტ"" ალუბლის",0,0.22,0,0,2.75,360,0,91,0.1,792,0,200.2,0.22
"მაიონეზი ""სლობოდა"" პროვანსალი 67%",0,0.2,0,0,4.2,613,67,2.1,0.5,1226,134,4.2,1
"მაიონეზი ""სლობოდა"" ოლივკოვი 67%",0,0.2,0,0,4.1,613,67,2.1,0.5,1226,134,4.2,1
"მაიონეზი ""სლობოდა"" ოლივკოვი 67%",0,0.4,0,0,8.1,613,67,2.1,0.5,2452,268,8.4,2
"მაიონეზი ""ქართული"" სამარხვო 50%",0,0,0,0.2,1.9,436,46,5.6,0.03,0.872,0.092,0.0112,0.00006
"მაიონეზი ""ქართული"" პროვონსალი 67%",0,0,0,0.2,1.95,615,67,2.5,0.4,1.23,0.134,0.005,0.0008
"მაიონეზი ""სლობოდა"" პროვანსალი 67%",0,0.4,0,0,8.25,613,67,2.1,0.5,2452,268,8.4,2
"მაიონეზი ""სლობოდა"" არაჟნით",0,0.4,0,0,8.7,615,67,2.6,0.4,2460,268,10.4,1.6
"მაიონეზი ""სლობოდა"" სამარხვო 56%",0,0.4,0,0,8.1,516,56,2,1,2064,224,8,4
"მაიონეზი ""გურმე"" პროვანსალი",0,0.35,0,0,4.95,610,67,2.2,0.5,2135,234.5,7.7,1.75
"მაიონეზი ""გურმე"" ოლვიკოვი",0,0.35,0,0,4.95,610,67,2.2,0.5,2135,234.5,7.7,1.75
"კეტჩუპი ""კალვე"" ტომატის",0,0.35,0,0,2.75,95,0.1,23,1,332.5,0.35,80.5,3.5
"კეტჩუპი ""კალვე"" მექსიკური ტაბასკო",0,0.35,0,0,2.75,105,0.2,24.5,1.1,367.5,0.7,85.75,3.85
"კეტჩუპი ""ქართული"" სამწვადე",0,0.2,0,0,1.5,85,0,20,1.2,170,0,40,2.4
"კეტჩუპი ""ქართული"" ცხარე",0,0.2,0,0,1.5,85,0,20,1.2,170,0,40,2.4
"ტყემალი ""მარნეული"" მწვანე",0,0.53,0,0,6.5,53,0,12.5,0.4,280.9,0,66.25,2.12
"ტყემალი ""მარნეული"" ტრადიციული",0,0.53,0,0,6.5,53,0,12.5,0.4,280.9,0,66.25,2.12
"ტყემალი ""ოდა"" მწვანე",0,0.5,0,0,4.95,45,0,11,0.5,225,0,55,2.5
"ტყემალი ""ოდა"" წითელი",0,0.5,0,0,4.95,45,0,11,0.5,225,0,55,2.5
"საწებელი პამიდოვრის ""ოდა""",0,0.5,0,0,4.95,27.6,0,5.8,1.1,138,0,29,5.5
"სოუსი ""ასტორია"" ყველით",0,0.233,0,0,3.95,410,42,8.5,0.5,955.3,97.86,19.805,1.165
"სოუსი ""ჯაკომო"" ჩილი ცხარე",0,0.22,0,0,1.5,30,0.2,15.9,0.6,66,0.44,34.98,1.32
"საწებელი პომიდვრის ""მარნეული"" ცოცხალი",0,0.535,0,0,4.95,28,0,6,1,149.8,0,32.1,5.35
"სოუსი ""ასტორია"" ცეზარი ყვითელი",0,0.2,0,0,3.95,310,30,10,1.5,620,60,20,3
"სოუსი ""ასტორია"" ბურგერის",0,0.2,0,0,3.95,400,40,10.5,0.5,800,80,21,1
"სოუსი ""ასტორია"" ტერიაკი",0,0.2,0,0,3.95,170,0.1,42,0.5,340,0.2,84,1
"სოუსი ""ასტორია"" ტკბილ-მჟავე",0,0.2,0,0,3.95,160,0.1,39,0.2,320,0.2,78,0.4
"სოუსი ""ჰეფი მამ"" სოიოს",0,0,0.5,0,5.5,65,0,12,4,325,0,60,20
"მდოგვი ""ლიდერ ფუდი""",0,0.05,0,0,0.75,182.8,10.3,3.8,18.7,91.4,5.15,1.9,9.35
"სოუსი ""ასტორია"" სენდვიჩის",0,0.2,0,0,3.95,380,38,9,0.6,760,76,18,1.2
"თაფლი ""თაფლი სახლში"" ცაცხვის და ყვავილების (პლ. ბოთ.)",0,0.4,0,0,9.95,304,0,82,0.3,1216,0,328,1.2
"თაფლი ""თაფლი სახლში"" ცაცხვის და ყვავილების",0,1,0,0,19.75,304,0,82,0.3,3040,0,820,3
"თაფლი ""ჰობი"" (პაკ)",0,0.4,0,0,10.75,308,0,78,0.4,1232,0,312,1.6
"თაფლი ""თაფლი სახლში"" ცაცხვის და ყვავილების",0,0.42,0,0,10.5,304,0,82,0.3,1276.8,0,344.4,1.26
მურაბა ჯოლოს,0,0.2,0,0,4.95,278,0.2,69,0.6,556,0.4,138,1.2
ფანტელი სიმინდის ”სტარტი” შოკოლადის ბურთები,0,0.15,0,0,3.95,349,3,71.3,7.6,523.5,4.5,106.95,11.4
ფანტელი სიმინდის ”სტარტი” შოკოლადის ბურთები,0,0.5,0,0,10.65,349,3,71.3,7.6,1745,15,356.5,38
ფანტელი სიმინდის ”სტარტი” დუო,0,0.5,0,0,9.95,374,3.1,78.2,7.1,1870,15.5,391,35.5
"ფანტელი სიმინდის ""სტარტი"" შოკოლადის ბალიშებით",0,0.5,0,0,10.75,467,18.6,66.6,6.8,2335,93,333,34
"ფანტელი სიმინდის ""სტარტი"" ნატურალური",0,0.5,0,0,10.95,337,1.1,72,7.5,1685,5.5,360,37.5
"ძეხვი ნედლად შებოლილი ""ლიდერ ფუდი"" ტოსკანა",0,0.4,0,0,7.6,344,25.16,1,29.36,1376,100.64,4,117.44
"სოსისი ""ბიუ ბიუ"" ივერია ქათმის",0,0.5,0,0,7.95,213,17,4,11,1065,85,20,55
"სოსისი ""ლიდერ ფუდი"" ივერია ტკაცუნა სპეცი",0,0.5,0,0,14.5,293,27.59,1,11.1,1465,137.95,5,55.5
"ძეხვი ნედლად შებოლილი ""პრემიო"" პეპერონი",0,0.26,0,0,18.95,423,41,0.5,13,1099.8,106.6,1.3,33.8
"ძეხვი ნედლად შებოლილი ""ლიდერ ფუდი"" ტოსკანა",0,0.3,0,0,19.95,344,25.16,1,29.36,1032,75.48,3,88.08
"ძეხვი ნედლად შებოლილი ""პრემიო"" ჩორიზო",0,0.26,0,0,18.95,371,35,1,13,964.6,91,2.6,33.8
"ძეხვი ნედლად შებოლილი ""პრემიო"" ჩორიზო",0,0.13,0,0,9.5,371,35,1,13,482.3,45.5,1.3,16.9
"ძეხვი ნედლად შებოლილი ""პრემიო"" პეპერონი",0,0.13,0,0,9.5,423,41,0.5,13,549.9,53.3,0.65,16.9
"ძეხვი ნედლად შებოლილი ""ლიდერ ფუდი"" პეპერონი",0,0.3,0,0,19.95,534,48.43,1,24.47,1602,145.29,3,73.41
"ძეხვი ნედლად შებოლილი ""ლიდერ ფუდი"" ნაპოლი",0,0.3,0,0,19.95,416,28.67,1,39.41,1248,86.01,3,118.23
"ძეხვი ნედლად შებოლილი ""ლიდერ ფუდი"" ნაპოლი",0,0.1,0,0,6.66,416,28.67,1,39.41,416,28.67,1,39.41
"ძეხვი ნედლად შებოლილი ""ლიდერ ფუდი"" პეპერონი",0,0.1,0,0,6.55,534,48.43,1,24.47,534,48.43,1,24.47
"ძეხვი მოხარშული ""ბიუ ბიუ"" საექიმო ქათმის",0,0.3,0,0,4.95,160,12,3,10,480,36,9,30
"ინდაურის პაშტეტი "" პროფი""",0,0.131,0,0,3.5,186,14,6.1,8.5,243.66,18.34,7.991,11.135
"სოსისი ""ლიდერ ფუდი"" დელიკატესი დე რომა",0,0.45,0,0,13.95,415.9,39.28,0.11,15.49,1871.55,176.76,0.495,69.705
"ძეხვი შებოლილი ""პრემიო"" სერველატი ექსტრა",0,0.45,0,0,7.65,317,29,0.32,11.7,1426.5,130.5,1.44,52.65
"ძეხვი შებოლილი ""ლიდერ ფუდი"" სალიამი",0,0.3,0,0,8.95,373,34.7,1,15.17,1119,104.1,3,45.51
"ძეხვი შებოლილი ""პრემიო"" მონადირული",0,0.15,0,0,2.8,270,24,2,11.5,405,36,3,17.25
"ძეხვი შებოლილი ""ლიდერ ფუდი"" სერველატი ფინური",0,0.48,0,0,9.95,373,34.7,1,15.17,1790.4,166.56,4.8,72.816
"ძეხვი შებოლილი ""პრემიო"" სერველატი ექსტრა",0,0.27,0,0,5.1,317,29,0.32,11.7,855.9,78.3,0.864,31.59
"ძეხვი შებოლილი ""პრემიო"" მონადირული",0,0.4,0,0,5.49,270,24,2,11.5,1080,96,8,46
"ძეხვი შებოლილი ""ლიდერ ფუდი"" სერველატი ვენური 480გრ",0,0.48,0,0,9.95,319.1,28.1,1.29,15.46,1531.68,134.88,6.192,74.208
"ძეხვი შებოლილი ""ლიდერ ფუდი"" სერველატი ფინური",0,0.3,0,0,6.45,362.4,33.87,3.1,2.7,1087.2,101.61,9.3,8.1
"ძეხვი შებოლილი ""ლიდერ ფუდი"" მონადირული ლუდისთვის",0,0.4,0,0,7.95,344.7,30.71,4.35,12.73,1378.8,122.84,17.4,50.92
"ძეხვი შებოლილი ""ლიდერ ფუდი"" მონადირული ლუდისთვის",0,0.21,0,0,5.95,344.7,30.71,4.35,12.73,723.87,64.491,9.135,26.733
"ძეხვი შებოლილი ""პრემიო"" სერველატი ექსტრა",0,0.75,0,0,11.6,317,29,0.32,11.7,2377.5,217.5,2.4,87.75
"ძეხვი შებოლილი ""ლიდერ ფუდი"" კრაკოვური",0,0.31,0,0,6.55,379.7,35.78,3.4,11.23,1177.07,110.918,10.54,34.813
"ძეხვი შებოლილი ""შირნჰოფერი"" ვენური",0,0.15,0,0,9.45,276,23,0.5,16,414,34.5,0.75,24
სოსისი „საოჯახო“ რძიანი,0,0.5,0,0,4.35,178.1,14.43,2.14,9.92,890.5,72.15,10.7,49.6
"სოსისი ""პრემიო"" გერმანული",0,0.5,0,0,5.2,206,17,2,11.5,1030,85,10,57.5
"სოსისი ""პრემიო"" რძიანი",0,0.5,0,0,4.9,230,20,2,10,1150,100,10,50
"სოსისი ""პრემიო"" კანადური",0,0.5,0,0,4.65,181,14,3,10.5,905,70,15,52.5
"სოსისი ""ლიდერ ფუდი"" გაუდას ყველით",0,0.5,0,0,9.85,211,17.8,4.2,8.5,1055,89,21,42.5
"სოსისი ""ლიდერ ფუდი"" ბავარიული",0,0.5,0,0,8.95,273,24.6,4.05,8.86,1365,123,20.25,44.3
"სოსისი ""ლიდერ ფუდი"" სასკოლო",0,0.5,0,0,8.95,226,18.42,4.21,10.87,1130,92.1,21.05,54.35
"ძეხვი ნედლად შებოლილი ""ალანი"" სერველატი დაჭრილი",0,0.08,0,0,6.95,512,45,0.5,20.1,409.6,36,0.4,16.08
"ძეხვი ნედლად შებოლილი ""ალანი"" საქონლის დაჭრილი",0,0.08,0,0,6.95,315,25,1.5,21,252,20,1.2,16.8
"ძეხვი ნედლად შებოლილი ""ჩერქიზოვი"" ონეჟსკაია",0,0.3,0,0,13.95,450,38,5,22,1350,114,15,66
"ძეხვი ნედლად შებოლილი ""ალანი"" სერველატი",0,0.36,0,0,24.95,512,45,0.5,20.1,1843.2,162,1.8,72.36
"ძეხვი ნედლად შებოლილი ""ლიდერ ფუდი"" პიკოლინო",0,0.1,0,0,9.95,492,48,2,13,492,48,2,13
"ძეხვი ნედლად შებოლილი ""ალანი"" ზერნისტი",0,0.37,0,0,24.95,469,33.1,0.5,20.3,1735.3,122.47,1.85,75.11
"ძეხვი ნედლად შებოლილი ""ჩერქიზოვი"" სალიამი ასტორია",0,0.225,0,0,13.95,390,30,5,25,877.5,67.5,11.25,56.25
"სოსისი ""პრემიო"" ივერია",0,0.5,0,0,6.95,263.6,22.26,4.04,11.8,1318,111.3,20.2,59
"სოსისი ""ლიდერ ფუდი"" ივერია საქონლის",0,0.5,0,0,9.95,261.5,24.81,4.45,9,1307.5,124.05,22.25,45
"სოსისი ""ლიდერ ფუდი"" ივერია",0,0.5,0,0,9.4,261.5,24.81,4.45,9,1307.5,124.05,22.25,45
"ძეხვი მოხარშული ""შირნჰოფერი"" საექიმო",0,0.4,0,0,9.55,237,20,2.8,12,948,80,11.2,48
"ძეხვი მოხარშული ""პრემიო"" გერმანული",0,0.8,0,0,9.45,172.2,12.63,5.75,8.87,1377.6,101.04,46,70.96
"ძეხვი მოხარშული ""ლიდერ ფუდი"" საექიმო",0,0.4,0,0,5.35,218.8,13.39,3.57,10.46,875.2,53.56,14.28,41.84
"ძეხვი მოხარშული ""პრემიო"" საექიმო",0,0.4,0,0,4.65,169.5,12.52,5.82,8.39,678,50.08,23.28,33.56
"ძეხვი მოხარშული ""ლიდერ ფუდი"" მოყვარულთა",0,0.4,0,0,5.35,264.4,23.68,3.18,9.46,1057.6,94.72,12.72,37.84
"ძეხვი მოხარშული ""ლიდერ ფუდი"" საექიმო",0,0.9,0,0,11.95,218.8,13.39,3.57,10.46,1969.2,120.51,32.13,94.14
"ძეხვი მოხარშული ""ლიდერ ფუდი"" მოყვარულთა",0,0.9,0,0,12.95,264.4,23.68,3.18,9.46,2379.6,213.12,28.62,85.14
"სოსისი ""ლიდერ ფუდი"" სპეც-ივერია",0,0.5,0,0,12.95,221.8,18.22,4.07,20.28,1109,91.1,20.35,101.4
"სარდელი ""ლიდერ ფუდი"" ბავარიული",0,0.5,0,0,9.95,270.4,21.21,2.85,10.26,1352,106.05,14.25,51.3
"სოსისი გრილისთვის ""ლიდერ ფუდი"" ემენტალის ყველით 300გრ",0,0.3,0,0,12.95,216,20.49,1,19.26,648,61.47,3,57.78
"სოსისი გრილისთვის ""ლიდერ ფუდი"" ბავარიული",0,0.3,0,0,11.95,216,24.86,1,16.08,648,74.58,3,48.24
"შაშხი ""ლიდერ ფუდი"" ბავარიული",0,0.77,0,0,18.45,156.8,10,1.9,14.8,1207.36,77,14.63,113.96
"შაშხი ""ლიდერ ფუდი"" ღორის ბარკლის",0,0.45,0,0,14.85,109,5.5,1.85,13.08,490.5,24.75,8.325,58.86
"შაშხი ""ლიდერფუდი"" რულეტი ღორის 300გრ",0,0.3,0,0,8.2,112.9,4.8,1.13,15.75,338.7,14.4,3.39,47.25
"პაშტეტი ""შირნჰოფერი""",0,0.2,0,0,6.45,317,29,0.9,14,634,58,1.8,28
"ბეკონი მოხარშული ""შირნჰოფერი"" შტირიული",0,0.15,0,0,11.55,104,2.6,1.72,19,156,3.9,2.58,28.5
"ბეკონი ""შირნჰოფერი"" დაჭრილი",0,0.15,0,0,11.25,432,41,1.1,16,648,61.5,1.65,24
"კვერცხი ""ზოგე"" ქათმის /1",1,0,0,0,4.7,157,11.5,0.7,12.7,157,4.7,157,11.5
"კვერცხი ""კოდა"" ქათმის /0",1,0,0,0,5.95,155.7,11.3,0,13.5,155.7,5.95,155.7,11.3
"კვერცხი ""კუმისი"" ქათმის /0",1,0,0,0,6.25,157,11.5,0.7,12.7,157,6.25,157,11.5
"კვერცხი ""კუმისის ფერმერი"" ქათმის",1,0,0,0,6.35,157,11.5,0.7,12.7,157,6.35,157,11.5
"კვერცხი ""კუმისი"" ქათმის /1",1,0,0,0,6.1,157,11.5,0.7,12.7,157,6.1,157,11.5
"ყველი ""პრეზიდენტი"" ლაბნე",0,0.4,0,0,10.65,189,17,4.5,4.5,756,68,18,18
"ყველის მაგვარი ""სვანური"" სახაჭაპურე",0,0.5,0,0,6.95,235,18.5,2,15,1175,92.5,10,75
"ყველი ""სანებო"" ქარხნული",0,0.45,0,0,19.6,323,25.3,0,24.7,1453.5,113.85,0,111.15
"ყველი ""ალპური ჯავახეთის ყველი"" სულგუნი",0,0.5,0,0,12.95,328.5,26.34,1.37,21.49,1642.5,131.7,6.85,107.45
"ყველი ""პრეზიდენტი"" ლაბნე",0,0.2,0,0,6.2,189,17,4.5,4.5,378,34,9,9
"მდნარი ყველი ""პრეზიდენტი"" ჩიზბურგერი /ფენა/",0,0.15,0,0,8.45,227,17,6,12.5,340.5,25.5,9,18.75
"მდნარი ყველი ""პრეზიდენტი"" ლორით /ფენა/",0,0.15,0,0,8.45,223,17,5,12.5,334.5,25.5,7.5,18.75
"მდნარი ყველი ""პრეზიდენტი"" ნაღების /ფენა/ 150გრ",0,0.15,0,0,8.45,198,17,3.5,7.8,297,25.5,5.25,11.7
"მდნარი ყველი ""პრეზიდენტი"" ნაღების /ვანა/",0,0.2,0,0,8.95,230,18,8.5,8.5,460,36,17,17
"კრემ ყველი ""პრეზიდენტი""",0,0.275,0,0,9.55,231,22,2.9,5.3,635.25,60.5,7.975,14.575
"ყველი ""პრეზიდენტი"" მოცარელა",0,0.6,0,0,29.75,297,23,1.5,21,1782,138,9,126
"ყველი ""პრეზიდენტი"" გაუდა დაჭრილი",0,0.15,0,0,11.45,341,27,0.5,24,511.5,40.5,0.75,36
"ყველი ""პრეზიდენტი"" ედამი დაჭრილი",0,0.15,0,0,11.45,316,24,0.5,24.5,474,36,0.75,36.75
"ყველი ""პრეზიდენტი"" ლაბნე ზეთისხილით",0,0.18,0,0,6.35,118,17,4.5,4.3,212.4,30.6,8.1,7.74
"ყველი ""პრეზიდენტი"" მაზდამი 150გრ",0,0.15,0,0,11.45,346,27,0,25,519,40.5,0,37.5
"ყველი ""გალბანი"" გრანგუსტო",0,0.2,0,0,15.95,384,28,0,33,768,56,0,66
"ყველი ""ხიზა"" ქარხნული 500გრ",0,0.5,0,0,11.5,315,25.3,4.24,16.71,1575,126.5,21.2,83.55
"ყველი ""წიფორა სამცხე"" ქარხნული",0,0.65,0,0,13.7,306,26,0,18,1989,169,0,117
"ყველი ""წიფორა სამცხე"" სულგუნი შებოლილი დაწნული",0,0.025,0,0,1.2,368,30.07,0.28,23.99,92,7.5175,0.07,5.9975
"ყველი ""წიფორა სამცხე"" სულგუნი შებოლილი დაწნული 60გრ",0,0.06,0,0,2.9,368,30.07,0.28,23.99,220.8,18.042,0.168,14.394
"ყველი ""წიფორა სამცხე"" შებოლილი ჩხირები",0,0.05,0,0,2.25,368,30.07,0.28,23.99,184,15.035,0.14,11.995
"ყველი ""ხიზა"" სულგუნი",0,0.4,0,0,11.5,361,27.9,1.47,25.32,1444,111.6,5.88,101.28
"ყველი ""წიფორა სამცხე"" სულგუნი შებოლილი",0,0.45,0,0,13.8,368,30.07,0.28,23.99,1656,135.315,1.26,107.955
"ყველი ""წიფორა სამცხე"" სულგუნი",0,0.5,0,0,13.35,286,22,1,21,1430,110,5,105
"ყველი ""წიფორა სამცხე"" იმერული 600გრ",0,0.6,0,0,12.35,255,18,2,19.5,1530,108,12,117
"ყველი ""ხიზა"" იმერული",0,0.5,0,0,10.45,314,25.6,3.52,16.65,1570,128,17.6,83.25
"მდნარი ყველი ""პრეზიდენტი"" ლორით /ვანა/",0,0.2,0,0,8.95,214,17,8.5,8.5,428,34,17,17
"ყველი ""ლერდამერი"" დაჭრილი",0,0.16,0,0,10.35,356,27.5,0,27,569.6,44,0,43.2
"მარგარინი ""ბიზიმი""",0,0.25,0,0,2.1,720,80,0.1,0.1,1800,200,0.25,0.25
"მარგარინი ""უსტამი""",0,0.25,0,0,1.9,720,80,0.1,0.1,1800,200,0.25,0.25
"კარაქი ""პრეზიდენტი"" ნაღების 82%",0,0.2,0,0,11.65,745,82,1,0.7,1490,164,2,1.4
"კარაქი ""ფერმა"" ნაღების 82.5%",0,0.2,0,0,10.95,748,82.5,0.8,0.5,1496,165,1.6,1
"კარაქი ""პრეზიდენტი"" ნაღების 82%",0,0.4,0,0,23.95,745,82,1,0.7,2980,328,4,2.8
"სპრედი ""ოდა"" 82%",0,0.2,0,0,2.6,748.5,82,0.5,1,1497,164,1,2
"სპრედი ""ოდა"" 82%",0,0.85,0,0,9.95,748.5,82,0.5,1,6362.25,697,4.25,8.5
"ერბო ""ტექსუნი""",0,0.91,0,0,11.95,899,99.9,0,0,8180.9,909.09,0,0
"მარგარინი ""ვიტამი""",0,0.25,0,0,2.35,720,80,0,0,1800,200,0,0
"მარგარინი ""დაჩა""",0,0.4,0,0,5.4,540,60,0,0,2160,240,0,0
"მარგარინი ""ონა""",0,0.25,0,0,2.25,630,70,0,0,1575,175,0,0
"რძე ""დომიკ ვ დერევნე"" ულტრაპასტერიზებული 2,5%",0,0,0.95,0,5.65,60,3.2,4.7,3,570,30.4,44.65,28.5
"რძე საბავშვო ""სოფლის ნობათი"" ულტრაპასტერიზებული 2,5%",0,0,1,0,5.85,53,2.5,4.7,3,530,25,47,30
"რძე ""დომიკ ვ დერევნე"" ულტრაპასტერიზებული 3,2%",0,0,0.95,0,5.8,60,3.2,4.7,3,570,30.4,44.65,28.5
"რძე ""დომიკ ვ დერევნე"" 6%",0,0,0.95,0,5.95,84,6,4.5,3,798,57,42.75,28.5
"რძე ""დომიკ ვ დერევნე"" ულტრაპასტერიზებული 1,5%",0,0,0.95,0,5.75,44,1.5,4.7,3,418,14.25,44.65,28.5
"ნაღები რძის ""პრეზიდენტი"" 35,1%",0,0,0.5,0,17.25,337,35.1,3.2,2,1685,175.5,16,10
"რძე ""სვანური"" 3,2%",0,0,0.9,0,4.2,60,3.2,4.7,3,540,28.8,42.3,27
"რძის კოქტეილი ""ჩუდო"" შოკოლადის 3%",0,0.2,0,0,3,101,3,15.8,2.6,202,6,31.6,5.2
"რძე ""სოფლის ნობათი"" პასტერიზებული 2,5%",0,0,0.93,0,5.3,53,2.5,4.7,3,492.9,23.25,43.71,27.9
"რძე ""სოფლის ნობათი"" პასტერიზებული 3,2%",0,0,0.93,0,5.3,60,3.2,4.7,3,558,29.76,43.71,27.9
"რძე ""პარმალატი"" ულაქტოზო 1.8%",0,0,1,0,9.95,197,1.8,4.7,0,1970,18,47,0
"რძე 2,2%",0,0,1,0,2.95,50.6,2.2,4.7,3,506,22,47,30
"ნაღები რძის ""დომიკ ვ დერევნე"" 20%",0,0.48,0,0,8.9,432,20,4,2.5,2073.6,96,19.2,12
"რძის კოქტეილი ""ჩუდო"" შოკოლადის 2%",0,0.96,0,0,7.95,80,2,12.5,2.7,768,19.2,120,25.92
"რძე ""სანტალი"" ულტრაპასტერიზებული ნუშის სამარხვო",0,0,1,0,13.85,154,34,0.1,0.6,1540,340,1,6
"არაჟანი ""სოფლის ნობათი"" 15%",0,0.38,0,0,4.15,161,15,3.6,2.8,611.8,57,13.68,10.64
"არაჟანი ""პრეზიდენტი"" 20%",0,0.325,0,0,6.55,204,20,3.5,2.5,663,65,11.375,8.125
"არაჟანი რჩეული ""სოფლის ნობათი"" 20%",0,0.35,0,0,4.8,206,20,3.6,2.8,721,70,12.6,9.8
"არაჟანი ""სოფლის ნობათი"" 15%",0,2,0,0,3.75,161,15,3.6,2.8,3220,300,72,56
"არაჟანი ""სოფლის ნობათი"" 12%",0,0.8,0,0,8.2,133,12,3.6,2.8,1064,96,28.8,22.4
"სვანური ""ნატურალ პლიუსი"" 15%",0,0.8,0,0,6.1,161,15,3,4,1288,120,24,32
"სვანური ""ნატურალ პლიუსი"" 25%",0,0.8,0,0,7.3,250,25,3,3.2,2000,200,24,25.6
მარგო 15%,0,0.9,0,0,7.95,165,15,4.6,2.8,1485,135,41.4,25.2
მაწონი 2.5% 350გრ,0,0.35,0,0,1.45,60,3.2,4.2,12,210,11.2,14.7,42
"მაწონი ""სოფლის ნობათი"" 3,2%",0,0.38,0,0,2.5,59,3.2,4.1,3.3,224.2,12.16,15.58,12.54
"მაწონი რჩეული ""სოფლის ნობათი"" 3.5%",0,0.38,0,0,2.8,62,3.5,5.2,3.3,235.6,13.3,19.76,12.54
"მაწონი საბავშვო ""სოფლის ნობათი"" 3,2%",0,0.38,0,0,2.45,59,3.2,4.1,3.3,224.2,12.16,15.58,12.54
"მაწონი ""სოფლის ნობათი"" მსუბუქი 1%",0,0.38,0,0,2.6,48,1,5.6,4.1,182.4,3.8,21.28,15.58
"ხაჭოს დესერტი ""ჩუდო"" პლომბირი 5.8%",0,0.085,0,0,0,0,0,0,0,0,0,0,0
"ხაჭოს დესერტი ""ჩუდო"" კენკრის ნაყინი 5.8%",0,0.085,0,0,0,0,0,0,0,0,0,0,0
"ხაჭო ""სვანური"" 4%",0,0.18,0,0,0,0,0,0,0,0,0,0,0
"ხაჭო ""პრეზიდენტი"" 5%",0,0.22,0,0,0,0,0,0,0,0,0,0,0
"მოჭიქული ყველი ""ჩუდო"" ქოქოსით",0,0.04,0,0,0,0,0,0,0,0,0,0,0
"მოჭიქული ყველი ""ჩუდო"" ვანილის",0,0.04,0,0,0,0,0,0,0,0,0,0,0
"მოჭიქული ყველი ""ჩუდო"" შოკოლადის",0,0.1,0,0,0,0,0,0,0,0,0,0,0
"ხაჭოს დესერტი ""ჩუდო"" ველური მარწყვით 4,2%",0,0.1,0,0,0,0,0,0,0,0,0,0,0
"ხაჭოს დესერტი ""ჩუდო"" დანამატებით ჟოლო/მაყვალი 4,2%",0,0.1,0,0,0,0,0,0,0,0,0,0,0
"ხაჭოს დესერტი ""ჩუდო"" ალუბალი/ბალი 4,2%",0,0.1,0,0,0,0,0,0,0,0,0,0,0
"ხაჭოს დესერტი ""ჩუდო"" ატამი/მსხალი 4,2%",0,0.1,0,0,0,0,0,0,0,0,0,0,0
"ხაჭო ""სოფლის ნობათი"" 5% /ბრიკეტი/",0,0.18,0,0,0,0,0,0,0,0,0,0,0
"ხაჭო ""სოფლის ნობათი"" 0% /ბრიკეტი/",0,0.18,0,0,0,0,0,0,0,0,0,0,0
"შესქელებული რძის შემცველი პროდუქტი ""ბარაქა"" მოუხარშავი 8,5%",0,0.37,0,0,3.9,330,8.5,56,7.5,1221,31.45,207.2,27.75
"შესქელებული რძე გოსტი ""კოროვკა"" მოხარშული",0,0.36,0,0,6.2,330,8.5,57,6.4,1188,30.6,205.2,23.04
"შესქელებული რძის შემცველი პროდუქტი ""ბარაქა"" მოხარშული 8,5%",0,0.37,0,0,4.3,323,8.5,58,3,1195.1,31.45,214.6,11.1
"შესქელებული რძე გოსტი ""კოროვკა""",0,0.36,0,0,6.2,330,8.5,57,7.5,1188,30.6,205.2,27
"შესქელებული რძე გოსტი ""კოროვკა"" დოიპაკი",0,0.27,0,0,4.5,330,8.5,57,7.5,891,22.95,153.9,20.25
"იოგურტი ""ჩუდო"" ატამი/მარაკუია 2,5%",0,0.115,0,0,1.85,107,2.5,17.9,3.2,123.05,2.875,20.585,3.68
"იოგურტი დასალევი ""ფრუგურტი"" ალუბალი 1%",0,0.27,0,0,2.5,65,1,11.5,2.7,175.5,2.7,31.05,7.29
"იოგურტი დასალევი ""ფრუგურტი"" მარწყვი 1%",0,0.27,0,0,2.5,65,1,11.5,2.7,175.5,2.7,31.05,7.29
"იოგურტი ""ჩუდო"" მარწყვი",0,0.13,0,0,2.1,98,2.5,15.8,3.1,127.4,3.25,20.54,4.03
"იოგურტის პროდუქტი ""ნეჟნი"" ატმის წვენით 1,2%",0,0.1,0,0,2.1,85,1.2,16,2.5,85,1.2,16,2.5
"იოგურტის პროდუქტი ""ნეჟნი"" ბანანი-მარწყვის 1,2%",0,0.1,0,0,1.09,85,1.2,16,2.5,85,1.2,16,2.5
"იოგურტის პროდუქტი ""ნეჟნი"" ალუბლის წვენით 1,2%",0,0.1,0,0,1.09,85,1.2,16,2.5,85,1.2,16,2.5
"იოგურტის პროდუქტი ""ნეჟნი"" მარწყვის 1,2%",0,0.1,0,0,1.09,85,1.2,16,2.5,85,1.2,16,2.5
"იოგურტი ""ჩუდო"" ველური მარწყვის 2,5%",0,0.115,0,0,1.09,99,2.5,15.8,3.1,113.85,2.875,18.17,3.565
"იოგურტი ""ფრუგურტი"" მარწყვი 2,5%",0,0.115,0,0,1.85,91,2.5,13.6,3.4,104.65,2.875,15.64,3.91
"იოგურტი ""ჩუდო"" ატამი/მანგო 2,5%",0,0.115,0,0,1.55,99,2.5,15.9,3.1,113.85,2.875,18.285,3.565
"იოგურტი ""ფრუგურტი"" ატამი 2,5%",0,0.115,0,0,1.85,91,2.5,13.6,3.4,104.65,2.875,15.64,3.91
"იოგურტის პროდუქტი დასალევი ""ნეჟნი"" მარწყვი 0.1%",0,0.285,0,0,1.55,50,0.1,10.6,1.2,142.5,0.285,30.21,3.42
"იოგურტის პროდუქტი დასალევი ""ნეჟნი"" ატამი 0.1%",0,0.285,0,0,2.19,50,0.1,10.6,1.2,142.5,0.285,30.21,3.42
"იოგურტი დასალევი ""ჩუდო"" ველური მარწყვის 2,1%",0,0.27,0,0,2.19,86,2.1,13.9,2.8,232.2,5.67,37.53,7.56
"იოგურტი დასალევი ""ჩუდო"" ალუბალი/ბალი 2,1%",0,0.27,0,0,2.95,88,2.1,14.4,2.8,237.6,5.67,38.88,7.56
"იოგურტი დასალევი ""პარმალატი"" ქლიავის ჩირი პრობიოტიკებით",0,0.29,0,0,2.95,71,1.5,11.35,3,205.9,4.35,32.915,8.7
"იოგურტი დასალევი ""ჩუდო"" მარწყვი/ველური მარწყვი 2,1%",0,0.56,0,0,5.5,86,2.1,13.9,2.8,481.6,11.76,77.84,15.68
"იოგურტი დასალევი ""ჩუდო"" ატამი/გარგარი 2,1%",0,0.56,0,0,5.5,89,2.1,13.9,2.8,498.4,11.76,77.84,15.68
"იოგურტი დასალევი ""ჩუდო"" ატამი/გარგარი 2,1% 50გრ",0,0.56,0,0,5.5,89,2.1,13.9,2.8,498.4,11.76,77.84,15.68
"იოგურტი ""ჩუდო"" ალუბალი/ბალი 2,5%",0,0.29,0,0,4.2,99,2.5,15.8,3.1,287.1,7.25,45.82,8.99
"იოგურტი დასალევი ""პარმალატი"" მოცვი ჩია პრობიოტიკებით",0,0.29,0,0,4.1,71,1.5,11.35,3,205.9,4.35,32.915,8.7
"იოგურტი დასალევი რჩეული ""სოფლის ნობათი"" მარწყვი/პიტნა 2,1%",0,0.27,0,0,3.5,94,2.1,15.3,2.8,253.8,5.67,41.31,7.56
"იოგურტი დასალევი რჩეული ""სოფლის ნობათი"" ატამი/მარცვლეული 2,1%",0,0.27,0,0,3.5,72,2.1,10.5,2.8,194.4,5.67,28.35,7.56
"იოგურტი დასალევი რჩეული ""სოფლის ნობათი"" შავი ქლიავი/მარცვლეული 2,1%",0,0.27,0,0,3.5,91,2.1,16.6,2.8,245.7,5.67,44.82,7.56
"იოგურტი საბავშვო ""სოფლის ნობათი"" ატამი-გარგარი",0,0.1,0,0,3.5,80,2.7,11.4,2.6,80,2.7,11.4,2.6
"იოგურტი საბავშვო ""სოფლის ნობათი"" მარწყვი/ბანანი",0,0.1,0,0,2.7,80,2.7,11.4,2.6,80,2.7,11.4,2.6
"პუდინგი ""ჩუდო"" 3,1% შოკოლადის",0,0.125,0,0,1.95,106,3.1,16.5,3.1,132.5,3.875,20.625,3.875
"ბისკვიტი ""ნესკვიკი"" რძიანი 26გრ",0,0.026,0,0,2.25,404,21.7,44.5,7.2,105.04,5.642,11.57,1.872
"კეფირი ""პარმალატი"" პრობიოტიკებით 1%",0,0.59,0,0,5.95,38,1,4,3.2,224.2,5.9,23.6,18.88
"აირანი ""იჩიმი""",0,0,0.285,0,2.45,18,1,1.1,1.1,51.3,2.85,3.135,3.135
"კეფირი ""სოფლის ნობათი"" ბიფიდო 1,5%",0,0.93,0,0,5.4,44,1.5,4.1,3.4,409.2,13.95,38.13,31.62
"კეფირი ""სოფლის ნობათი"" ბიფიდო 1,5%",0,0.44,0,0,3.45,44,1.5,4.1,3.4,193.6,6.6,18.04,14.96
"ხორცი ნედლი ""წერტი"" ღორის რბილი",0,0.5,0,0,10.95,218,17,0,16.2,1090,85,0,81
"ხორცი ნედლი ""წერტი"" ღორის ძვლიანი",0,0.5,0,0,9.95,235,18.6,0,15.4,1175,93,0,77
"ხორცი ნედლი ""წერტი"" შერეული ფარში",0,1,0,0,14.2,215,16.8,0.5,15.5,2150,168,5,155
"ხორცი ნედლი ""წერტი"" საქონლის რბილი",0,0.5,0,0,1895,135,5.2,0,21.8,675,26,0,109
"ხორცი ნედლი ""წერტი"" საქონლის ფარში",0,0.5,0,0,13.55,198,14.2,0,18.4,990,71,0,92
"ფრთა გაყინული ""ბიბილო"" ქათმის",0,1,0,0,11.95,240,22,0,15,2400,220,0,150
"ნაგეთსი ""ბიბილო"" ქათმის",0,1,0,0,10.95,215,11,17,12,2150,110,170,120
"ქათამი გაყინული ""ბიბილო""",0,1,0,0,10.95,185,13.5,0,16,1850,135,0,160
"ჩხირები ""ბიბილო"" ქათმის",0,1,0,0,10.95,210,10.5,12.5,14,2100,105,125,140
"ფილე ქათმის შებოლილი ""ბიუ ბიუ""",0,0.225,0,0,4.95,110,2.5,1,21,247.5,5.625,2.25,47.25
"ფილე გაყინული ""ბიბილო"" ქათმის",0,1,0,0,10.95,114,2.2,0,23.5,1140,22,0,235
"ფილე პანირებული ""ქუალიკო"" ქათმის სტრიფსი",0,0.5,0,0,11.95,245,12,14,16.5,1225,60,70,82.5
"ფრთა პანირებული ""ქუალიკო"" ქათმის",0,0.5,0,0,9.5,260,16.5,11.5,14.2,1300,82.5,57.5,71
"ბარკალი გაყინული ""ბიბილო"" ქათმის",0,1,0,0,7.1,138,10,0,12,1380,100,0,120
"ქათამი გაყინული "" ქუალიკო უკრაინული""",0,0.9,0,0,8.95,230,18,0,17,2070,162,0,153
"ღვიძლი გაყინული ""სიერა"" ქათმის",0,1,0,0,4.95,127,5.95,0.7,16.5,1270,59.5,7,165
"კუჭი გაყინული ""ქუალიკო"" ქათმის",0,1,0,0,7.8,81,2.5,0,14.6,810,25,0,146
"ქათამი გაყინული ""ბიუ ბიუ""",0,1,0,0,11.5,190,14,0,16,1900,140,0,160
"ნაგეთსი ""ქუალიკო"" ქათმის",0,1,0,0,10.95,215,11,17,12,2150,110,170,120
"ფილე გაყინული ""გრაკო"" ქათმის",0,1,0,0,12.95,130,5,0,21,1300,50,0,210
"ნაგეთსი ""ბიუ ბიუ"" ქათმის",0,0.7,0,0,11.95,220,11,12,16,1540,77,84,112
"ნაგეთსი ""გრაკო"" ქათმის",0,1,0,0,10.95,186.2,7.5,18.6,11,1862,75,186,110
"შნიცელი ""გრაკო"" ქათმის",0,1,0,0,11.35,206.5,10.2,14.2,13.2,2065,102,142,132
"ხორცი გაყინული ""გრაკო"" ღორის",0,1,0,0,11.95,489,11,0,18,4890,110,0,180
"ხორცი გაყინული ""ლარდონი"" ღორის სტეიკი",0,1,0,0,12.95,242,14,0,27,2420,140,0,270
"ხორცი გაყინული ""გრაკო"" საქონლის 700გრ",0,0.7,0,0,16.95,184,12,0,19,1288,84,0,133
"ქაბაბი ""დიდგორი"" გაყინული 600გრ",0,0.6,0,0,8.95,215,15,4.5,15.5,1290,90,27,93
"ტოლმა ""დიდგორი"" გაყინული 600გრ",0,0.6,0,0,7.65,158,9,11.5,8,948,54,69,48
"გუფთა ""დიდგორი"" გაყინული 600გრ",0,0.6,0,0,7.65,192,13,5.8,13,1152,78,34.8,78
"ფარში გაყინული ""დიდგორი"" შერეული 900გრ",0,0.9,0,0,9.45,238,19,0.5,16.2,2142,171,4.5,145.8
"კატლეტი ""ბიბილო"" ქათმის 1000გრ",0,1,0,0,10.95,194,11.5,8.5,14,1940,115,85,140
"პელმენი ""დიდგორი"" ციმბირული",0,0.8,0,0,9.15,250,12,28,8,2000,96,224,64
"ხინკალი ""დიდგორი"" ხორცით პრემიუმი",1,0,0,0,7.9,180,8,21,7,180,7.9,180,8
"ხინკალი ""ხინდა"" ქალაქური",0,1,0,0,8.45,204.5,4.42,36.6,6.46,2045,44.2,366,64.6
"ხინკალი ""რერა"" ხორცით ქალაქური",1,0,0,0,11.45,202,4.3,30,0.8,202,11.45,202,4.3
"ხინკალი ""დიდგორი"" ხორცით საფირმო",0,0.4,0,0,11.95,195,9,22,8,780,36,88,32
"პელმენი ""მარშე"" კლასიკური",0,0.8,0,0,6.85,282,15,26,10.8,2256,120,208,86.4
"პელმენი ""ხინდა"" ციმბირული",0,0.8,0,0,7.5,219,6,33.94,6.56,1752,48,271.52,52.48
"პელმენი ""რერა"" ციმბირული",0,0.8,0,0,10.95,154,5.2,17.79,9.03,1232,41.6,142.32,72.24
"პელმენი ""მარშე"" საქონლის ხორცით",0,0.4,0,0,7.35,276,12.5,27.5,13.4,1104,50,110,53.6
"პელმენი ""დიდგორი"" ციმბირული ექსტრა",0,0.8,0,0,13.45,156,4.12,21.6,8.04,1248,32.96,172.8,64.32
"ბლინი ""დიდგორი"" ხორცით",1,0,0,0,5.45,214,9.8,23.5,7.9,214,5.45,214,9.8
"ბლინი ""რერა"" სულგუნით და იმერული ყველით",0,0.4,0,0,9.95,265,10.6,30.3,12,1060,42.4,121.2,48
"ვარენიკი ""დიდგორი"" კარტოფილით",0,0.8,0,0,6.95,182,2,35,6,1456,16,280,48
"ვარენიკი ""დიდგორი"" ყველით",0,0.8,0,0,11.95,228,8.5,26,12,1824,68,208,96
"ვარენიკი ""რერა"" სულგუნით",0,0.4,0,0,9.95,291,14.72,23.18,12.7,1164,58.88,92.72,50.8
"კატლეტი ""დიდგორი"" ხორცის",0,0.6,0,0,7.95,241.5,13.5,14,16,1449,81,84,96
"ფენოვანი ცომი გაყინული ""რერა""",0,0.8,0,0,5.95,366,24.5,32.09,5.28,2928,196,256.72,42.24
"ფენოვანი ცომი გაყინული ""მარშე""",0,1,0,0,8.45,331,18.5,34,7.2,3310,185,340,72
"თევზი გაყინული ""პრემ ფიში"" ტელაპიის ფილე",0,0.7,0,0,14.5,61,0,0,12.2,427,0,0,85.4
"თევზი გაყინული ""პრემ ფიში"" ორაგულის სტეიკი",0,0.7,0,0,16.8,153,4.7,0,25.8,1071,32.9,0,180.6
"თევზი გაყინული ""პრემ ფიში"" ხეკის სტეიკი",0,0.85,0,0,12.65,196,1.6,0.3,13,1666,13.6,2.55,110.5
"თევზი გაყინული ""პრემ ფიში"" სიომგის სტეიკი",0,0.5,0,0,37.95,153,4.7,0,25.8,765,23.5,0,129
"თევზი გაყინული ""პრემიო"" სკუმბრია",0,1,0,0,18.45,311,25.9,0,16.8,3110,259,0,168
"თევზი გაყინული ""პრემ ფიში"" სამეფო - Gemfish სტეიკი",0,0.7,0,0,12.8,200,12,0.3,23,1400,84,2.1,161
თევზი გაყინული „პრემ ფიში“ ხეკი,0,1,0,0,13.45,196,1.6,0.3,13,1960,16,3,130
თევზი გაყინული „პრემ ფიში“ პანგასიუსის სტეიკი,0,1,0,0,12.95,92,3.5,0,15,920,35,0,150
თევზი გაყინული „პრემ ფიში“ მოივა,0,1,0,0,9.75,218,18,0,14,2180,180,0,140
"თევზი ცივად შებოლილი ""უმალი"" სკუმბრია 350გრ",0,0.35,0,0,16.55,248,17,0,21,868,59.5,0,73.5
"თევზი ცივად შებოლილი ""უმალი"" ქაშაყი 300გრ",0,0.3,0,0,10.95,215,12,0,20,645,36,0,60
"თევზი ცივად შებოლილი ""უმალი"" ზეთოვანი ფილე 100გრ",0,0.1,0,0,9.95,162,10,0,18,162,10,0,18
"თევზი შებოლილი ""უმალი"" ორაგულის ჩხირი 40გრ",0,0.04,0,0,3.5,170.5,10.5,0,19,68.2,4.2,0,7.6
"თევზი ""უმალი"" ქაშაყის ფილეს სალათი ხახვით და მწვანილით 310გრ",0,0.31,0,0,9.3,187,12.6,0.1,18.3,579.7,39.06,0.31,56.73
"თევზი ""უმალი"" ქაშაყის ფილე ზეთში 330გრ",0,0.33,0,0,9.45,235.7,17.3,0,20,777.81,57.09,0,66
"თევზი ""უმალი"" ქაშაყის ფილე ზეთში ლიმონით და კამით 200გრ",0,0.2,0,0,8.75,233.9,17.1,0,20,467.8,34.2,0,40
"თევზი ""სანტა ბრემორი"" ქაშაყის ფილე ტრადიციული 240 გრ",0,0.24,0,0,6.2,283,26.5,0,11.2,679.2,63.6,0,26.88
"თევზი ""სანტა ბრემორი"" ქაშაყის ფილე 240 გრ",0,0.24,0,0,6.2,283,26.5,0,11.2,679.2,63.6,0,26.88
"თევზი ""სანტა ბრემორი"" ქაშაყის ფილე ორიგინალური 250გრ",0,0.25,0,0,7.2,290,27.4,0,10.9,725,68.5,0,27.25
"თევზი ""უმალი"" ქაშაყის ფილე ნორვეგიულად 200გრ",0,0.2,0,0,8.75,235.7,17.3,0,20,471.4,34.6,0,40
"ხიზილალა იმიტირებული ""სტოლნაია"" ორაგულის 230გრ",0,0.23,0,0,7.5,46,4.2,1.9,0.1,105.8,9.66,4.37,0.23
"კიბორჩხალის ჩხირი ""სანტა ბრემორი"" 200გრ",0,0.2,0,0,5.95,86,0.8,14.1,5.7,172,1.6,28.2,11.4
"ხიზილალა ""რუსკოე მორე"" ორაგულით 165გრ",0,0.165,0,0,7.95,340,33,6,4.5,561,54.45,9.9,7.425
"ყავა ხსნადი ""მაკ კოფე"" ორიგინალი (3/1)",0,0.002,0,0,0.45,400,15,65,3,8,0.3,1.3,0.06
"ყავა ხსნადი ""იაკობსი"" მონარქი",0,0.002,0,0,0.55,101,0.1,10.3,14.6,2.02,0.002,0.206,0.292
"ყავა ხსნადი ""კარტ ნუარი""",0,0.002,0,0,0.6,100,0.1,10,14.5,2,0.002,0.2,0.29
"ყავა ხსნადი ""იაკობსი"" დინამიქსი",0,0.013,0,0,0.6,110,0.3,12,15,14.3,0.039,1.56,1.95
"ყავა ხსნადი ""მაკ კოფე"" სტრონგი (3/1)",0,0.002,0,0,0.45,410,16,68,2.5,8.2,0.32,1.36,0.05
"ყავა ხსნადი ""იაკობსი"" კაპუჩინო სტიკი",0,0.0125,0,0,0.6,420,18,70,4,52.5,2.25,8.75,0.5
"ყავა ხსნადი ""იაკობსი"" ლატე (3/1)",0,0.0148,0,0,0.6,390,14,65,3.5,57.72,2.072,9.62,0.518
"ყავა ხსნადი ""იაკობსი"" კარამელი ლატე",0,0.0123,0,0,0.6,430,20,72,3,52.89,2.46,8.856,0.369
"ყავა ხსნადი ""იაკობსი"" ინტენს (3/1)",0,0.012,0,0,0.6,105,0.2,11.5,14.2,12.6,0.024,1.38,1.704
"ყავა ხსნადი ""იაკობსი"" მონარქ პლიუსი (3/1)",0,0.015,0,0,0.75,105,0.2,11.5,14.2,15.75,0.03,1.725,2.13
"ყავა ხსნადი ""იაკობსი"" დუბაის შოკოლადი (3/1)",0,0.018,0,0,1.3,420,18,70,4,75.6,3.24,12.6,0.72
"ყავა ხსნადი ""იაკობსი"" მილკა კაპუჩინო (3/1)",0,0.018,0,0,1.3,415,12,72,4.9,74.7,2.16,12.96,0.882
"ყავა ხსნადი ""იაკობსი"" კაპუჩინო (3/1)",0,0.0187,0,0,1.3,420,18,70,4,78.54,3.366,13.09,0.748
"ყავა ხსნადი ""იაკობსი"" მოკა (3/1)",0,0.0219,0,0,1.3,440,20,74,3.5,96.36,4.38,16.206,0.7665
"ყავა ხსნადი ""იაკობსი"" კარამელი ლატე (3+1)",0,0.0125,0,0,1.85,430,19,73,4,53.75,2.375,9.125,0.5
"ყავა ხსნადი ""იაკობსი"" ინტენსი (3+1)",0,0.0125,0,0,1.85,105,0.2,11.5,14.2,13.125,0.025,1.4375,1.775
"ყავა ხსნადი ""მაკ კოფე"" ორიგინალი 10ც",0,0.02,0,0,4.25,98,0.1,9.5,14,19.6,0.02,1.9,2.8
"ყავა ხსნადი ""კარტ ნუარი"" თეთრი",0,0.0174,0,0,0.65,110,0.3,12.5,13.5,19.14,0.0522,2.175,2.349
"ყავა ხსნადი ""იაკობს მონარქ"" ყინულოვანი კარამელი ლატე (3/1)",0,0.0213,0,0,1.3,450,22,76,2.5,95.85,4.686,16.188,0.5325
"ყავა ხსნადი ""მაკ კოფე"" DI TORINO შავი შოკოლადით",0,0.025,0,0,0.9,460,23,78,2,115,5.75,19.5,0.5
"ციკორი ხსნადი ""რუსკი პროდქტი"" ნატურალური",0,0.085,0,0,4.9,2,0,0.5,0.1,1.7,0,0.425,0.085
"ჩაი შავი ""აზერჩაი""",0,0.05,0,0,4.1,2,0,0.4,0.1,1,0,0.2,0.05
"ჩაი შავი ""მარიამი"" სუპერი",0,0.05,0,0,4.35,1,0,0.2,0,0.5,0,0.1,0
"ჩაი შავი ""გრინფილდი"" კენიანი",0,0.05,0,0,4.9,1,0,0.2,0,0.5,0,0.1,0
"ჩაი შავი ""გრინფილდი"" ოქროს ცეილონი",0,0.05,0,0,4.9,1,0,0.3,0,0.5,0,0.15,0
"ჩაი შავი ""გიტა"" ინდოეთი",0,0.05,0,0,1.7,1,0,0.2,0,0.5,0,0.1,0
"ჩაი შავი ""პრინცესა ნური""",0,0.05,0,0,2.6,2,0,0.4,0.1,1,0,0.2,0.05
"ჩაი შავი ""გრინფილდ"" კლასიკ ბრექვასთ",0,0.05,0,0,4.9,1,0,0.3,0,0.5,0,0.15,0
"ჩაი შავი ""გრინფილდი"" ელგრეი ფანტაზია",0,0.05,0,0,4.9,2,0,0.4,0.1,1,0,0.2,0.05
"ჩაი შავი ""მარიამი"" ბროკენ",0,0.05,0,0,4.2,1,0,0.2,0,0.5,0,0.1,0
"ჩაი შავი ""გრინფილდი"" როიალ ელგრეი",0,0.04,0,0,7.25,2,0,0.4,0.1,0.8,0,0.16,0.04
"ჩაი მწვანე ""გრინფილდ"" ჟასმინის არომატით",0,0.05,0,0,4.9,1,0,0.2,0,0.5,0,0.1,0
"ჩაი მწვანე ""გრინფილდ"" მფრინავი დრაკონი",0,0.05,0,0,4.9,1,0,0.2,0,0.5,0,0.1,0
"ჩაი ხილის ""გრინფილდ"" სამერ ბუკეტი",0,0.05,0,0,4.9,2,0,0.5,0.1,1,0,0.25,0.05
"ჩაი ხილის ""ტეს""",0,0.036,0,0,5.25,2,0,0.4,0.1,0.72,0,0.144,0.036
"ჩაი გასახდომი ""ჰეილისი"" ჟოლო და კენკრა",0,0.05,0,0,9.8,1,0,0.3,0,0.5,0,0.15,0
"ჩაი ხილის ""პრინცესა ნური"" შავი კენკრით",0,0.0375,0,0,2.85,3,0.1,0.7,0.1,1.125,0.0375,0.2625,0.0375
"ჩაი ხილის ""პრინცესა ნური"" მალინა",0,0.0375,0,0,2.85,3,0.1,0.7,0.1,1.125,0.0375,0.2625,0.0375
"ჩაი შავი ""მარიამი"" ბროკენ",0,0.1,0,0,4.75,1,0,0.2,0,1,0,0.2,0
"ჩაი შავი ""აზერჩაი"" ბერგამოტის არომატით",0,0.1,0,0,4.85,2,0,0.4,0.1,2,0,0.4,0.1
"ჩაი შავი ""მარიამი"" სუპერი",0,0.1,0,0,6.55,1,0,0.2,0,1,0,0.2,0
"ჩაი შავი ""გრინფილდ"" ოქროს ცეილონი",0,0.1,0,0,5.95,1,0,0.3,0,1,0,0.3,0
"ჩაი მწვანე ""გრინფილდ"" მფრინავი დრაკონი",0,0.1,0,0,5.8,1,0,0.2,0,1,0,0.2,0
"ჩაი მცენარეული ""პრინცესა იავა"" კარკადე",0,0.08,0,0,4.9,2,0,0.5,0.1,1.6,0,0.4,0.08
"ცხელი შოკოლადი ""მაკ შოკოლადი""",0,0.02,0,0,0.6,400,20,65,5,80,4,13,1
"კაკაო ""ნესქვიკ""",0,0.2,0,0,10.95,380,4,82,7,760,8,164,14
"კაკაო ""მიქს ფიქს""",0,0.175,0,0,5.25,390,5,78,6,682.5,8.75,136.5,10.5
"ყავა ხსნადი ""იაკობსი"" მონარქი + ""PICKWICK"" შავი ჩაი ორიგინალი",0,0.135,0,0,26.4,102,0.1,10.5,14.2,137.7,0.135,14.175,19.17
"პური თეთრი ""იფქლი დიღომი"" უსაფუარო",0,0.52,0,0,1.8,260,1.2,52,8.5,1352,6.24,270.4,44.2
"პური თეთრი ""იფქლი დიღომი""",0,0.53,0,0,1.3,265,1,55,8,1404.5,5.3,291.5,42.4
"პური ""მარა"" ბერძნული ლავაში",0,0.48,0,0,1.4,270,2,58,7.5,1296,9.6,278.4,36
"პური თეთრი ""იფქლი დიღომი"" დაჭრილი",0,0.53,0,0,1.5,255,1.5,54,8.2,1351.5,7.95,286.2,43.46
"პური თეთრი ""იფქლი დიღომი"" თბილისური დაჭრილი",0,0.5,0,0,1.8,250,1,56,8,1250,5,280,40
"პური თეთრი ""იფქლი დიღომი"" აგური ხორბლის ალაო",0,0.45,0,0,1.4,240,0.8,58,7.8,1080,3.6,261,35.1
"პური თეთრი ""იფქლი დიღომი"" რძიანი დაჭრილი",0,0.45,0,0,2.5,270,2.5,53,8.5,1215,11.25,238.5,38.25
"პური თეთრი ""თბილისური"" მრგვალი",0,0.5,0,0,1.7,260,1.8,55,8,1300,9,275,40
"პური თეთრი ""იფქლი დიღომი"" დიღმის პური",0,0.41,0,0,1.1,265,1.2,54,8.2,1086.5,4.92,221.4,33.62
"პური ჭვავის ""იფქლი დიღომი"" მოხარშული ალაო 0%",0,0.3,0,0,1.2,220,0.5,48,6.5,660,1.5,144,19.5
"პური ქატოსი ""იფქლი დიღომი"" მოხარშული",0,0.3,0,0,1.25,210,0.8,42,7,630,2.4,126,21
"პური შავი ""იფქლი დიღომი"" მოხარშული აგური",0,0.35,0,0,1.45,235,1,46,6.8,822.5,3.5,161,23.8
"პური შავი ""იფქლი დიღომი"" დაჭრილი",0,0.51,0,0,1.5,235,1,46,6.8,1198.5,5.1,234.6,34.68
"პური ""იფქლი დიღომი"" ცეხვილი",0,0.51,0,0,1.4,240,1.2,48,7,1224,6.12,244.8,35.7
პური შვრიის „პური“,0,0.3,0,0,1.2,230,0.8,45,6.5,690,2.4,135,19.5
"პური ჭვავის ""ლიტვური საცხობი"" პრემიუმ კლასი მზესუმზირით",0,0.37,0,0,3.5,250,2,50,7.5,925,7.4,185,27.75
"პური ჭვავის ""თბილპური"" 0%",0,0.34,0,0,1.1,220,0.5,48,5.5,748,1.7,163.2,18.7
"პური ჭვავის ""იფქლი დიღომი"" რაიბროტი",0,0.35,0,0,2.5,215,0.7,42,6,752.5,2.45,147,21
"პური ""იფქლი დიღომი"" ქლიავის ჩირით",0,0.35,0,0,4.45,280,6,48,9,980,21,168,31.5
"პური ""იფქლი დიღომი"" მზესუმზირით",0,0.4,0,0,3.95,270,5,52,8,1080,20,208,32
"პური სელის ""თბილპური"" დაჭრილი",0,0.5,0,0,1.6,245,1.5,56,6.5,1225,7.5,280,32.5
"პური ""იფქლი დიღომი"" მოხარშული ჭვავის ბარონი",0,0.4,0,0,3,225,0.8,44,7,900,3.2,176,28
"პური ჭვავის ""ლიტვური საცხობი"" სვეიკატა 0%",0,0.375,0,0,2.25,210,0.6,40,6.2,787.5,2.25,150,23.25
"პური ჭვავის ""ლიტვური საცხობი"" სვეიკატა 0%",0,0.75,0,0,4.5,210,0.6,40,6.2,1575,4.5,300,46.5
"პური დიეტური ""ამარანტი""",0,0.35,0,0,1.6,200,1,38,6,700,3.5,133,21
"პური დიაბეტური ""ამარანტი""",0,0.35,0,0,1.6,190,0.8,35,5.5,665,2.8,122.5,19.25
"პური დიაბეტური ""იფქლი დიღომი"" დიაპური",0,0.3,0,0,1.2,195,0.5,36,5.8,585,1.5,108,17.4
"პური ტოსტის ""ლიტვური საცხობი""",0,0.6,0,0,2.9,270,4,52,7.5,1620,24,312,45
"პური ""ემსიბი"" ჰამბურგერის",0,0.05,0,0,3.75,290,12,38,8,145,6,19,4
"ფუნთუშა ""იფქლი დიღომი"" შოკოლადის და თხილის კრემით",0,0.17,0,0,2.5,380,18,48,6,646,30.6,81.6,10.2
"ფუნთუშა ""იფქლი დიღომი"" შოკოლადის გლაზურით",0,0.25,0,0,2.15,410,22,50,5.5,1025,55,125,13.75
"ფუნთუშა ""იფქლი დიღომი"" კორჟიკი",0,0.14,0,0,1.7,370,15,52,6.5,518,21,72.8,9.1
"ფუნთუშა ""იფქლი დიღომი"" ვაშლის ჯემით",0,0.14,0,0,1.7,360,14,55,5,504,19.6,77,7
"ქადა ""იფქლი დიღომი"" შოკოლადის შიგთავსით",0,0.22,0,0,1.55,420,25,45,4.5,924,55,99,9.9
"ფუნთუშა ""იფქლი დიღომი""",0,0.12,0,0,0.9,340,12,50,6,408,14.4,60,7.2
"ფუნთუშა ""იფქლი დიღომი"" გვირილა სეზამით",0,0.36,0,0,2.5,350,13,48,6.5,1260,46.8,172.8,23.4
"ფუნთუშა ""ლიტვური საცხობი"" კულიჩი",0,0.47,0,0,4.95,390,20,46,7,1833,94,216.2,32.9
"ბლითი ""ბეიქ ჰაუსი""",0,0.08,0,0,3.45,280,8,42,6,224,6.4,33.6,4.8
"ფუნთუშა ""ლიტვური საცხობი"" ქიშმიშით",0,0.2,0,0,2.95,370,16,50,5.5,740,32,100,11
"ფუნთუშა ""ლიტვური საცხობი"" კაკაოთი",0,0.15,0,0,2.95,360,14,52,6,540,21,78,9
"ქადა ""ლიტვური საცხობი""",0,0.33,0,0,3.25,400,20,48,5,1320,66,158.4,16.5
"ქადა ""იფქლი დიღომი""",0,0.3,0,0,1.7,410,22,45,4.5,1230,66,135,13.5
"პური ""ბებოს ლავაში"" ლავაში",0,0.4,0,0,2.6,262,0.1,61.2,8.6,1048,0.4,244.8,34.4
"პური ლავაში ""ბებოს ლავაში"" მრგვალი",0,0.2,0,0,2.45,260,0.1,60,8.8,520,0.2,120,17.6
ორცხობილა ვანილით,0,0.2,0,0,2.2,450,20,62,6,900,40,124,12
ორცხობილა ლიმნით,0,0.2,0,0,2.2,430,18,60,5.5,860,36,120,11
"საფანელი ""მზეთამზე""",0,0.22,0,0,1.45,420,16,65,5,924,35.2,143,11
"ხლებცი ""იამუნა"" ხორბლის",0,0.08,0,0,1.25,380,12,58,6.5,304,9.6,46.4,5.2
"ხლებცი ""იამუნა"" ხორბლის და სიმინდის",0,0.085,0,0,1.15,370,11,60,6,314.5,9.35,51,5.1
"ხლებცი ""იამუნა"" წიწიბურის",0,0.08,0,0,2.35,410,15,62,5.5,328,12,49.6,4.4
"ჩიფსი კარტოფილის ""ჯეკერი"" არაჟანი და ხახვი",0,0.15,0,0,5.95,530,34,50,6,795,51,75,9
"ჩიფსი კარტოფილის ""ლეისი"" კლასიკი",0,0.117,0,0,5.4,520,32,52,6,608.4,37.44,60.84,7.02
"ჩიფსი კარტოფილის ""ლეისი"" არაჟანი და ხახვი",0,0.225,0,0,7.85,535,35,51,6.2,1203.75,78.75,114.75,13.95
"ჩიფსი კარტოფილის ""ლეისი"" ორმაგი ბურგერის",0,0.1,0,0,4.95,540,36,49,6.5,540,36,49,6.5
"ჩიფსი კარტოფილის ""ლეისი"" ბარბექიუს სოუსი",0,0.05,0,0,2.3,545,37,48,6.3,272.5,18.5,24,3.15
"ჩიფსი კარტოფილის ""ლეისი"" STAX არაჟნის და ხახვის",0,0.14,0,0,9.95,550,38,47,6.8,770,53.2,65.8,9.52
"ჩიფსი კარტოფილის ""ლეისი"" ყველის",0,0.14,0,0,5.4,528,33,51,6.4,739.2,46.2,71.4,8.96
"ჩიფსი კარტოფილის ""ლეისი"" პიცის და 4 ყველის",0,0.1,0,0,4.95,542,36.5,48.5,7,542,36.5,48.5,7
"ჩიფსი კარტოფილის ""ლეისი"" ყველის სოუსი",0,0.05,0,0,2.3,535,35,49,6.5,267.5,17.5,24.5,3.25
"ჩიფსი კარტოფილის ""ფრიქსი"" აჯიკის გემოთი",0,0.06,0,0,2.85,525,32.5,52.5,6.2,315,19.5,31.5,3.72
"ჩიფსი კარტოფილის ""ლეისი"" რიდჯი პაპრიკა",0,0.14,0,0,5.4,532,34.5,50.5,6.3,744.8,48.3,70.7,8.82
"ჩიფსი სიმინდის ""დორიტოსი"" აკილი",0,0.13,0,0,5,545,28,60,7,708.5,36.4,78,9.1
"ჩიფსი კარტოფილის ""ფრიქსი"" აჯიკის გემოთი",0,0.12,0,0,4.45,525,32.5,52.5,6.2,630,39,63,7.44
"ჩიფსი კარტოფილის ""ლეისი"" პაპრიკა",0,0.155,0,0,5.4,530,34,51,6,821.5,52.7,79.05,9.3
"ჩიფსი კარტოფილის ""ფრიქსი"" ბარბექიუს გემოთი",0,0.06,0,0,2.85,540,36,49,6.5,324,21.6,29.4,3.9
"ჩიფსი კარტოფილის ""ფრიქსი"" ბარბექიუს გემოთი",0,0.12,0,0,4.45,540,36,49,6.5,648,43.2,58.8,7.8
"ჩიფსი კარტოფილის ""ლეისი"" რიბეის სტეიკი წიწაკის სოუსისი",0,0.14,0,0,5.4,550,38,47,6.8,770,53.2,65.8,9.52
"ჩიფსი კარტოფილის ""ლეისი"" STAX შემწვარი ნეკნების",0,0.14,0,0,9.95,555,39,46,7,777,54.6,64.4,9.8
"მარილიანი ჩხირი ""ქრაქსი"" წიწაკით",0,0.123,0,0,2.95,480,25,58,8,590.4,30.75,71.34,9.84
"პურის ორცხობილა ბრუსკეტი ""მარეტი"" ყველის",0,0.14,0,0,6.75,440,20,55,9,616,28,77,12.6
"პურის ორცხობილა ბრუსკეტი ""მარეტი"" პომიდორი, ზეთისხილი და ორეგანო",0,0.14,0,0,6.75,450,22,54,8.5,630,30.8,75.6,11.9
"მარილიანი ჩხირი ""ქრაქსი"" სეზამის მარცვლებით",0,0.11,0,0,2.95,475,28,56,7.5,522.5,30.8,61.6,8.25
"კრეკერი ""მაკი"" ყაყაჩოს მარცვლებით",0,0.3,0,0,4,460,24,60,8.2,1380,72,180,24.6
"მზესუმზირა ""ოკერ"" მოხალული",0,0.18,0,0,2.99,580,48,32,14,1044,86.4,57.6,25.2
"მზესუმზირა ""ოკერ"" მოხალული მარილით",0,0.15,0,0,2.99,585,49,30,14.5,877.5,73.5,45,21.75
"სიმინდის ბურბუშელა ""აპაჩი""",0,0.085,0,0,1.95,490,25,62,6.5,416.5,21.25,52.7,5.525
"ჩიფსი სიმინდის ""დორიტოსი"" ტაგო",0,0.07,0,0,3.2,540,30,60,7,378,21,42,4.9
"ჩიფსი სიმინდის ""დორიტოსი"" ნაჩო",0,0.07,0,0,3.2,545,31,59,7.2,381.5,21.7,41.3,5.04
"ჩიფსი კარტოფილის ""ლეისი"" კლასიკი",0,0.067,0,0,3.2,520,32,52,6,348.4,21.44,34.84,4.02
"ორცხობილა ""აპაჩე"" ყველის გემოთი",0,0.035,0,0,0.79,470,23,64,7.5,164.5,8.05,22.4,2.625
"მარილიანი ჩხირი ""რამკო""",0,0.03,0,0,0.5,490,26,58,8,147,7.8,17.4,2.4
"ორცხობილა ""აპაჩე"" მწვადის გემოთი",0,0.035,0,0,1,465,22,66,7.8,162.75,7.7,23.1,2.73
"ორცხობილა ""ტუკი"" ყველის გემოთი",0,0.1,0,0,4.5,455,21,65,7.5,455,21,65,7.5
"მარილიანი ჩხირი ""რამკო""",0,0.2,0,0,2.3,490,26,58,8,980,52,116,16
"მარილიანი ჩხირი ""პინაკი""",0,0.1,0,0,1.5,485,25,59,8.2,485,25,59,8.2
"მარილიანი ჩხირი ""ნეფისი""",0,0.25,0,0,4.5,495,27,57,7.8,1237.5,67.5,142.5,19.5
"ნახმი ""ფლორა""",0,0.3,0,0,3.35,380,18,45,5,1140,54,135,15
"ბრეცელი ""ნეფისი""",0,0.25,0,0,4.5,475,24,60,8,1187.5,60,150,20
"ტკბილი ჩხირი ""რამკო""",0,0.2,0,0,2.4,430,18,62,7,860,36,124,14
"კრეკერი ""კროკო"" მარილიანი",0,0.1,0,0,2.49,460,22,65,7.5,460,22,65,7.5
"კრეკერი პიცის არომატით ""კროკო""",0,0.1,0,0,3.2,470,23,64,7.8,470,23,64,7.8
"მარილიანი ჩხირი ""კროკო"" გრძელი",0,0.25,0,0,5.5,485,25,59,8.2,1212.5,62.5,147.5,20.5
"კრეკერისა და ბრეცელის მიქსი ""კროკო""",0,0.25,0,0,5.5,480,24.5,60.5,8,1200,61.25,151.25,20
"კრეკერი ""მხიარული ცხოველები"" ტკბილი",0,0.4,0,0,5,440,20,55,6.5,1760,80,220,26
"ჩიფსი კარტოფილის ""ჯეკერი"" ყველის",0,0.15,0,0,5.95,528,33,51,6.4,792,49.5,76.5,9.6
"მზესუმზირა ""მასტერ ჟარკი"" მოხალული",0,0.14,0,0,1.99,580,48,32,14,812,67.2,44.8,19.6
"მზესუმზირა ""ჯინი"" მოხალული",0,0.14,0,0,3.6,580,48,32,14,812,67.2,44.8,19.6
"მზესუმზირა ""ჯინი"" მოხალული მარილით",0,0.14,0,0,3.6,585,49,30,14.5,819,68.6,42,20.3
"ჩიფსი კარტოფილის ""ჯეკერი"" ცხარე და პიკანტური",0,0.15,0,0,5.95,535,35,49,6.5,802.5,52.5,73.5,9.75
"ჩიფსი კარტოფილის ""ლეისი"" პაპრიკა",0,0.037,0,0,1.75,530,34,51,6,196.1,12.58,18.87,2.22
"ჩიფსი სიმინდის ""დორიტოსი"" ტაგო",0,0.13,0,0,5,540,30,60,7,702,39,78,9.1
"ჩიფსი კარტოფილის ""ლეისი"" პაპრიკა",0,0.067,0,0,3.2,530,34,51,6,355.1,22.78,34.17,4.02
"ჩიფსი კარტოფილის ""ლეისი"" პაპრიკა",0,0.225,0,0,7.85,530,34,51,6,1192.5,76.5,114.75,13.5
"ჩირი ""აგროფაი"" გარგარის",0,0.24,0,0,12.95,350,2,75,5,840,4.8,180,12
"მიწის თხილი ""პინაკი"" ნაჭუჭში",0,0.08,0,0,2.95,600,52,14,25,480,41.6,11.2,20
"ფისტაშკა ""ბირკა""",0,0.08,0,0,5.4,570,45,20,20,456,36,16,16
ნიგოზი,0,0.3,0,0,7.95,620,55,12,18,1860,165,36,54
"მიწის თხილი ""ოლა!"" მოხალული მარილიანი",0,0.12,0,0,3.2,595,51,15,24,714,61.2,18,28.8
"სიმინდის ბურბუშელა ""ჩიტოსი"" კეტჩუპის",0,0.05,0,0,1.95,490,25,62,6.5,245,12.5,31,3.25
"სიმინდის ბურბუშელა ""ჩიტოსი"" ყველის",0,0.05,0,0,1.95,495,26,61,6.8,247.5,13,30.5,3.4
"სიმინდის ბურბუშელა ""ჩიტოსი"" კეტჩუპი",0,0.026,0,0,0.99,490,25,62,6.5,127.4,6.5,16.12,1.69
"სიმინდის ბურბუშელა ""ჩიტოსი"" ყველის",0,0.026,0,0,1.2,495,26,61,6.8,128.7,6.76,15.86,1.768
ქიშმიში რუხი,0,0.5,0,0,6.7,300,0.5,75,2.5,1500,2.5,375,12.5
"ტყლაპი ტყემლის ""აგროფაი""",0,0.07,0,0,1.95,380,1,85,3,266,0.7,59.5,2.1
"ჩირი ""აგროფაი"" შავი ქლიავის",0,0.24,0,0,9.5,320,0.5,78,2,768,1.2,187.2,4.8
"ჩირი ""აგროფაი"" ფინიკის",0,0.24,0,0,4.45,310,0.4,76,2.2,744,0.96,182.4,5.28
"თხილის გული ""პინაკი""",0,0.09,0,0,10.95,650,62,18,16,585,55.8,16.2,14.4
"ნუშის გული ""აგროფაი""",0,0.13,0,0,10.5,640,60,12,15,832,78,15.6,19.5
"ფისტაშკა ""აგროფაი""",0,0.07,0,0,8.95,570,45,20,20,399,31.5,14,14
"კონსერვი პომიდვრის პასტა ""კინგტომი"" შუშა",0,0.37,0,0,5.95,80,0.2,16,2.5,296,0.74,59.2,9.25
"კონსერვი პომიდვრის პასტა ""ნოსტიმო""",0,0.41,0,0,3.95,85,0.3,18,2.2,348.5,1.23,73.8,9.02
"კონსერვი პომიდვრის გახეხილი ""ვიტალე""",0,0.5,0,0,4.5,25,0.1,5,1,125,0.5,25,5
"მარინადი წიწაკის ""ნოსტიმო""",0,0.72,0,0,4.95,15,0.1,3,0.5,108,0.72,21.6,3.6
"მარინადი კიტრის ""ნოსტიმო"" 6-9სმ",0,0.67,0,0,3.95,18,0.2,3.5,0.6,120.6,1.34,23.45,4.02
"მარინადი ბოსტნეულის ასორტი ""ნოსტიმო""",0,0.68,0,0,5.25,20,0.3,4,0.8,136,2.04,27.2,5.44
"მარინადი წითელი ბულგარული წიწაკის ""სანტატი""",0,0.65,0,0,6.5,22,0.2,4.5,0.7,143,1.3,29.25,4.55
"კონსერვი პომიდორის ""რეგია"" დაჭრილი",0,0.4,0,0,4.45,28,0.2,5.5,1.2,112,0.8,22,4.8
"მარინადი კიტრის ""მარნეული""",0,0.7,0,0,6.95,16,0.1,3.2,0.5,112,0.7,22.4,3.5
"მარინადი კიტრის ""რენქი"" 6-9სმ",0,0.72,0,0,4.35,17,0.1,3.5,0.6,122.4,0.72,25.2,4.32
"სოუსი პომიდვრის ""ნოსტიმო"" არაბიატა",0,0.35,0,0,4.99,75,0.5,15,2,262.5,1.75,52.5,7
"კონსერვი ბოსტნეულის ""ნოსტიმო"" აჯაფსანდალი",0,0.45,0,0,5.75,65,3,8,1.5,292.5,13.5,36,6.75
"კონსერვი ბოსტნეულის ""ნოსტიმო"" ბადრიჯნის ხიზილალა",0,0.47,0,0,5.55,70,4,7,1.2,329,18.8,32.9,5.64
"კონსერვი ბოსტნეულის ""ნოსტიმო"" აივარი",0,0.36,0,0,5.95,68,3.5,9,1.8,244.8,12.6,32.4,6.48
"მარინადი ბოსტნეულის ასორტი ""თუქაში""",0,0.72,0,0,5.25,25,0.4,4.5,1,180,2.88,32.4,7.2
"კონსერვი ზეთისხილის ""Mioliva"" შავი უკურკო",0,0.4,0,0,5.95,145,14,3,1,580,56,12,4
"კონსერვი ზეთისხილის ""Mioliva"" მწვანე უკურკო",0,0.4,0,0,5.95,145,14,3,1,580,56,12,4
"კონსერვი ზეთისხილის ""Mioliva"" შავი კურკიანი",0,0.4,0,0,5.95,165,16,4,1.2,660,64,16,4.8
"კონსერვი სოკოს ""ბონო"" დაჭრილი",0,0.8,0,0,3.95,25,0.2,4,2,200,1.6,32,16
"კონსერვი სიმინდის ""ბონო""",0,0.34,0,0,2.95,80,1,16,2.5,272,3.4,54.4,8.5
"კონსერვი ბარდის ""ჩვენი სუფრა"" (შუშა)",0,0.7,0,0,6.2,70,4.5,5,4,490,31.5,35,28
"კონსერვი ბარდის ""ბონო"" მწვანე",0,0.4,0,0,2.2,65,4,4.5,3.8,260,16,18,15.2
"კონსერვი სიმინდის ""ლორადო""",0,0.37,0,0,5.75,85,1.2,17,2.8,314.5,4.44,62.9,10.36
"კონსერვი ბარდის ""ბარაქა"" მწვანე",0,0.4,0,0,2.5,68,4.2,5,3.5,272,16.8,20,14
"კონსერვი პომიდვრის პასტა ""მარნეული"" (თუნუქი)",0,0.21,0,0,2.95,90,0.3,20,2,189,0.63,42,4.2
"კონსერვი პომიდვრის პასტა ""კინგტომი""",0,0.21,0,0,3.95,85,0.3,18,2.2,178.5,0.63,37.8,4.62
"კონსერვი პომიდვრის პასტა ""ჯაკომო"" შუშა",0,0.5,0,0,4.95,88,0.4,19,2.3,440,2,95,11.5
"მარინადი კიტრის ""იაკამოზო"" პიკული",0,0.37,0,0,7.45,15,0.1,3,0.5,55.5,0.37,11.1,1.85
"მარინადი კიტრის ""ბონო"" პიკული",0,0.37,0,0,3.95,16,0.1,3.2,0.5,59.2,0.37,11.84,1.85
"მარინადი წიწაკის ""იაკამოზ"" მწარე",0,0.37,0,0,7.45,18,0.2,3.5,0.7,66.6,0.74,12.95,2.59
მარინადი წიწაკის ნაჭრები,0,0.37,0,0,6.95,20,0.2,4,0.6,74,0.74,14.8,2.22
"მარინადი ბოსტნეულის ""იაკამოზ"" შერეული",0,0.72,0,0,6.5,25,0.4,4.5,1,180,2.88,32.4,7.2
"კონსერვი თევზის ""სელფიშ"" თინუსი წვენში",0,0.185,0,0,6.5,110,7,0.5,12,203.5,12.95,0.925,22.2
"კონსერვი თევზის ""სელფიშ"" თინუსი ზეთში",0,0.185,0,0,6.5,190,15,0.5,15,351.5,27.75,0.925,27.75
"კონსერვი თევზის ""რიჟსკაია ვალნა"" კილკა ტომატის სოუსში",0,0.24,0,0,4.5,140,8,8,12,336,19.2,19.2,28.8
"კონსერვი თევზის ""სელ ფიშ"" შემწვარი კილკა ტომატის სოუსში",0,0.24,0,0,5.5,145,8.5,8.5,13,348,20.4,20.4,31.2
"კონსერვი თევზის ""სელფიშ"" შპროტი ზეთში",0,0.16,0,0,5.5,200,18,1,14,320,28.8,1.6,22.4
"კონსერვი თევზის ""სელფიშ"" სკუმბრია ზეთში",0,0.425,0,0,6.95,195,16,1,16,828.75,68,4.25,68
"კონსერვი თევზის ""სელფიშ"" სკუმბრია ტომატში",0,0.425,0,0,6.95,160,10,7,14,680,42.5,29.75,59.5
"კონსერვი თევზის ""სტელა მარისი"" ტრესკას ღვიძლი",0,0.121,0,0,7.5,220,20,2,8,266.2,24.2,2.42,9.68
"კონსერვი თევზის ""ზა როდინუ"" სკუმბრია ტომატში",0,0.185,0,0,4.95,155,9.5,7.5,13.5,286.75,17.575,13.875,24.975
"კონსერვი თევზის ""ზა როდინუ"" სკუმბრია ზეთში",0,0.185,0,0,4.95,185,14,1,15,342.25,25.9,1.85,27.75
"კონსერვი თევზის ""ზა როდინუ"" შპროტი ზეთში",0,0.16,0,0,5.5,205,19,0.5,13,328,30.4,0.8,20.8
"კონსერვი თევზის ""სელფიშ"" სკუმბრია ტომატში",0,0.2,0,0,3.95,160,10,7,14,320,20,14,28
"კონსერვი თევზის ""ზა როდინუ"" კილკა ტომატის სოუსში",0,0.24,0,0,4.95,135,7.5,7,12.5,324,18,16.8,30
"კონსერვი ხორცის ""მიასოფი"" საქონლის უ/ხ",0,0.5,0,0,14.5,220,16,2,18,1100,80,10,90
"კონსერვი ხორცის ""მიასოფი"" ღორის უ/ხ",0,0.338,0,0,6.35,220,16,2,18,743.6,54.08,6.76,60.84
"კონსერვი საქონლის ხორცის ""მისნაია ლავკა""",0,0.325,0,0,5.95,240,18,1.5,20,780,58.5,4.875,65
"შოკოლადის ბატონი ""სნიკერსი""",0,0.055,0,0,2.5,500,25,60,9,275,13.75,33,4.95
"შოკოლადის ბატონი ""პიკნიკი""",0,0.085,0,0,2.6,510,28,58,6,433.5,23.8,49.3,5.1
"შოკოლადის ბატონი ""ბაუნტი""",0,0.055,0,0,2.5,520,30,55,5,286,16.5,30.25,2.75
"შოკოლადის ბატონი ""სნიკერსი"" სუპერი",0,0.08,0,0,3.55,490,24,62,10,392,19.2,49.6,8
"შოკოლადის ბატონი ""ჯეთ'ს""",0,0.042,0,0,0.75,480,22,64,4.5,201.6,9.24,26.88,1.89
"შოკოლადის ბატონი ""ნათ ენდ გოუ"" ნუშით",0,0.034,0,0,1.5,530,32,52,8,180.2,10.88,17.68,2.72
"შოკოლადის ბატონი ""იარჩე""",0,0.05,0,0,1.2,475,20,65,5.5,237.5,10,32.5,2.75
"შოკოლადის ბატონი ""ტვიქსი""",0,0.055,0,0,2.5,505,26,59,4,277.75,14.3,32.45,2.2
"შოკოლადის ბატონი ""სნიკერსი"" თეთრი შოკოლადი",0,0.081,0,0,3.55,495,24.5,61,6.5,400.95,19.845,49.41,5.265
"ვაფლი ""მილკა""",0,0.03,0,0,2.4,540,34,50,5,162,10.2,15,1.5
"შოკოლადის ბატონი ""ტვიქსი"" ექსტრა",0,0.075,0,0,3.55,510,27,57,4.2,382.5,20.25,42.75,3.15
"შოკოლადის ბატონი ""ბაუნტი"" ტრიო",0,0.082,0,0,3.55,525,31,54,6,430.5,25.42,44.28,4.92
"შოკოლადის ბატონი ""ოზერა"" ვაფლით,თხილისა და რძიანი კრემით",0,0.023,0,0,0.95,535,33,51,6.8,123.05,7.59,11.73,1.564
"შოკოლადის ბატონი ""სუპერ""",0,0.04,0,0,0.7,485,23,63,5,194,9.2,25.2,2
"შოკოლადის ბატონი ""ჟუმკა""",0,0.04,0,0,1.3,470,19,67,4,188,7.6,26.8,1.6
"შოკოლადის ბატონი ""როშენი"" შავი შოკოლადით",0,0.043,0,0,1.75,460,18,65,4.5,197.8,7.74,27.95,1.935
"შოკოლადის ბატონი ""ბეიბიფოქსი"" რძიანი შიგთავსით",0,0.045,0,0,2.2,490,22,64,5.5,220.5,9.9,28.8,2.475
"შოკოლადის ბატონი ""ზებრა"" არაქისითა და ქიშმიშით",0,0.04,0,0,1.3,520,32,45,9,208,12.8,18,3.6
"შოკოლადის ბატონი ""ქინდერი"" ბუენო",0,0.042,0,0,3.15,572,36,49.5,8.6,240.24,15.12,20.79,3.612
"შოკოლადის ბატონი ""ალპენ გოლდი"" ორეო",0,0.037,0,0,1.95,510,28,55,6,188.7,10.36,20.35,2.22
"შოკოლადის ბატონი ""ტობლერონი"" რძიანი თაფლისა და ნუშის ნუგათი",0,0.1,0,0,14.5,535,30,55,6.5,535,30,55,6.5
"შოკოლადის ბატონი თეთრი ""ქინდერი"" ბუენო",0,0.042,0,0,3.15,560,35,50,8,235.2,14.7,21,3.36
"შოკოლადის ბატონი ""ქინდერი"" (8ც)",0,0.1,0,0,6.95,545,33,52,7.5,545,33,52,7.5
"შოკოლადის ბატონი ""სუპერ სტეპი""",0,0.045,0,0,1.65,480,25,58,5,216,11.25,26.1,2.25
"შოკოლადის ბატონი ""როშეტო"" შავი შოკოლადით",0,0.034,0,0,1.5,490,29,48,7,166.6,9.86,16.32,2.38
"შოკოლადის ბატონი ""ტობლერონი"" თეთრი შოკოლადი თაფლისა და ნუშის ნუგათი",0,0.1,0,0,14.5,540,32,56,6,540,32,56,6
"შოკოლადის ბატონი ""ჩუდო"" ვაფლით, თხილის და რძიანი კრემით",0,0.055,0,0,1.75,530,31,52,6.5,291.5,17.05,28.6,3.575
"შოკოლადის ბატონი ""მარსი""",0,0.05,0,0,2.5,448,17,69,4.5,224,8.5,34.5,2.25
"შოკოლადის ფილა ""ალპენ გოლდი"" რძიანი შოკოლადი თხილით და ქიშმიშით",0,0.085,0,0,4.2,505,29,48,8,429.25,24.65,40.8,6.8
"შოკოლადის ფილა ""ალპენ გოლდი"" რძიანი შოკოლადი",0,0.085,0,0,4.2,535,30,56,6.5,454.75,25.5,47.6,5.525
"შოკოლადის ფილა ""ალპენ გოლდი"" რძიანი შოკოლადი თხილით",0,0.085,0,0,4.2,515,32,47,8.5,437.75,27.2,39.95,7.225
"შოკოლადის ფილა ""ალპენ გოლდი"" ქოქოსი/ნუში",0,0.085,0,0,4.2,525,33,46,7.5,446.25,28.05,39.1,6.375
"შოკოლადის ფილა ""მილკა"" რძიანი შოკოლადი თხილით",0,0.09,0,0,5.5,530,31,52,7,477,27.9,46.8,6.3
"შოკოლადის ფილა ""მილკა"" რძიანი შოკოლადი",0,0.09,0,0,5.5,535,32,53,7,481.5,28.8,47.7,6.3
"შოკოლადის ფილა ""ალპენ გოლდი"" მაქს ფანი",0,0.13,0,0,7.75,520,30,55,6.5,676,39,71.5,8.45
"შოკოლადის ფილა ""ალპენ გოლდი"" რძიანი შოკოლადი ჰაეროვანი",0,0.08,0,0,4.2,525,29,58,6,420,23.2,46.4,4.8
"შოკოლადის ფილა ""ალპენ გოლდი"" თეთრი შოკოლადი ჰაეროვანი",0,0.08,0,0,4.2,515,28,60,5.5,412,22.4,48,4.4
"შოკოლადის ფილა ""ლაქმი"" რძიანი შიგთავსით და ორცხობილით",0,0.1,0,0,4.55,540,33,50,7.5,540,33,50,7.5
"შოკოლადის ფილა ""მილკა"" არაქისის და კარამელის შიგთავსით",0,0.276,0,0,16.95,545,34,49,6.5,1504.2,93.84,135.24,17.94
"შოკოლადის ფილა ""სლადკო"" შავი სამარხვო",0,0.025,0,0,1.35,480,28,52,8,120,7,13,2
შოკოლადის ფილა ”როშენ პორისტი” ექსტრა შავი,0,0.085,0,0,4.55,495,30,48,7.5,420.75,25.5,40.8,6.375
შოკოლადის ფილა ”მილკა ბაბლზი” კაპუჩინოს შიგთავსით,0,0.097,0,0,5.5,550,35,48,6,533.5,33.95,46.56,5.82
შოკოლადის ფილა ”როშენ პორისტი” თეთრი შოკოლადი,0,0.08,0,0,4.55,510,29,56,6,408,23.2,44.8,4.8
"შოკოლადის ფილა ""ლაქმი"" შოკოლადის შიგთავსით და ვაფლით",0,0.09,0,0,4.55,535,32,51,7,481.5,28.8,45.9,6.3
"შოკოლადის ფილა ""კორონა"" რძიანი შოკოლადი",0,0.085,0,0,4.7,530,31,54,6.5,450.5,26.35,45.9,5.525
"შოკოლადის ფილა ""მილკა"" ჯანჯაფილის ორცხობილით",0,0.3,0,0,19.95,540,33,50,7,1620,99,150,21
"შოკოლადის ფილა ""მილკა"" თხილის პასტით, დაქუცმაცებული თხილით და ვაფლით",0,0.27,0,0,8.99,555,36,47,7.5,1498.5,97.2,126.9,20.25
"შოკოლადის ფილა ""მილკა"" ვანილით და ორეოს ორცხობილით",0,0.3,0,0,16.95,545,34,50,6.5,1635,102,150,19.5
"შოკოლადის ფილა ""მილკა"" რძიანი შოკოლადი თხილით",0,0.14,0,0,11.95,530,31,52,7,742,43.4,72.8,9.8
"შოკოლადის ფილა ""მილკა"" თეთრი და რძიანი შოკოლადით (საახალწლო)",0,0.1,0,0,6.95,540,33,51,6.5,540,33,51,6.5
"შოკოლადის ფილა ""მილკა"" რძიანი შოკოლადი თხილით და ქიშმიშით",0,0.14,0,0,11.95,535,32,53,7,749,44.8,74.2,9.8
"შოკოლადის ფილა ""ალპენ გოლდი"" შავი შოკოლადი",0,0.085,0,0,4.2,480,28,52,8,408,23.8,44.2,6.8
"შოკოლადის ფილა ""მილკა"" რძიანი შოკოლადი ნუშით",0,0.14,0,0,11.95,525,30,54,7.5,735,42,75.6,10.5
"შოკოლადის ფილა ""მილკა"" მთლიანი თხილით და კარამელით",0,0.3,0,0,16.95,550,35,49,6,1650,105,147,18
"შოკოლადის ფილა ""კორონა"" რძიანი შოკოლადი ტყის თხილით",0,0.085,0,0,4.7,540,33,50,7.5,459,28.05,42.5,6.375
"შოკოლადის ფილა ""კორონა"" შავი შოკოლადი",0,0.085,0,0,4.7,470,27,50,8.5,399.5,22.95,42.5,7.225
"შოკოლადის ფილა ""მილკა"" მარილიანი ნუშის ნატეხებით და კარამელით",0,0.3,0,0,16.95,555,36,48,6.5,1665,108,144,19.5
"შოკოლადის ფილა ""ოქროს მონეტა"" ბადეში",0,0.05,0,0,4.95,520,31,51,7,260,15.5,25.5,3.5
"შოკოლადის ფილა ""როშენი"" შავი შოკოლადი 80%",0,0.085,0,0,6.95,460,26,48,9,391,22.1,40.8,7.65
"შოკოლადის ფილა ""როშენი"" შავი შოკოლადი მარილიანი ნუშით 80%",0,0.085,0,0,4.55,465,27,47,8.5,395.25,22.95,39.95,7.225
"შოკოლადის ფილა ""მილკა"" მარწყვის ჩიზქეიქი",0,0.3,0,0,19.95,545,34,50,6,1635,102,150,18
"შოკოლადის ფილა ""ლოისი"" ქოქოსის ნუგა",0,0.08,0,0,1.8,530,32,52,7,424,25.6,41.6,5.6
"შოკოლადის კრემი ""ნუსა"" (ჭრელი)",0,0.4,0,0,9.95,540,34,48,6.5,2160,136,192,26
"შოკოლადის კრემი ""ნუთელა"" თხილი და კაკაო",0,0.35,0,0,14.95,565,36,50,7,1977.5,126,175,24.5
"შოკოლადის კრემი ჩხირებით ""ნუთელა & გოუ""",0,0.052,0,0,7.2,550,35,49,6.5,286,18.2,25.48,3.38
"შოკოლადის კრემი ""ნუსა"" (შავი)",0,0.4,0,0,9.95,530,33,47,7,2120,132,188,28
"შოკოლადის კრემი ""ნუთელა""",0,0.63,0,0,23.95,560,35,51,6,3528,220.5,321.3,37.8
"შოკოლადის ნაკრები ""მილკა"" თხილის შიგთვსით",0,0.11,0,0,12.95,525,31,52,7,577.5,34.1,57.2,7.7
"შოკოლადის ნაკრები ""მილკა"" რძიანი",0,0.11,0,0,12.95,535,32,53,6.5,588.5,35.2,58.3,7.15
"შოკოლადის ნაკრები ""კუპიდო"" ტრიუფელი შავი",0,0.15,0,0,11.95,480,28,52,7.5,720,42,78,11.25
"შოკოლადის ნაკრები ""ჰამლეტი"" ასორტი ბორდოსფერი",0,0.125,0,0,17.95,510,30,50,6,637.5,37.5,62.5,7.5
"შოკოლადის ნაკრები ""კუპიდო"" ზღვის ნიჟარები",0,0.25,0,0,18.95,490,29,48,7,1225,72.5,120,17.5
"შოკოლადის ნაკრები ""როშენ ასორტიმენტ” კლასიკი",0,0.154,0,0,12.95,520,31,51,6.5,800.8,47.74,78.54,10.01
"კანფეტი ვაფლით ""რაფაელო""",0,0.2,0,0,25.95,530,33,49,5,1060,66,98,10
"შოკოლადის ნაკრები ""ექსელციუმი"" პრალინეთი",0,0.2,0,0,13.95,535,34,48,6,1070,68,96,12
"კანფეტი ვაფლით ""რაფაელო""",0,0.15,0,0,14.95,530,33,49,5,795,49.5,73.5,7.5
"კანფეტი ვაფლით ""ფერერო როშე""",0,0.125,0,0,19.95,545,35,50,6.5,681.25,43.75,62.5,8.125
"შოკოლადის ნაკრები ""მილკა"" საახალწლო",0,0.432,0,0,23.5,525,31,52,7,2268,133.92,224.64,30.24
"შოკოლადის ნაკრები ""როტ ფრონტი"" ჩიტის რძე",0,0.2,0,0,12.7,515,30,51,6,1030,60,102,12
"შოკოლადის ნაკრები ""მილკა"" საახალწლო",0,0.265,0,0,11.5,450,25,55,4.5,1192.5,66.25,145.75,11.925
"ზეფირი ""დისნეი"" პრინცესა მარწყვი 4/30",0,0.04,0,0,3.4,390,22,45,4,156,8.8,18,1.6
"მინი კრუასანი ""7 Days"" ვანილის კრემით და ალუბლის ჯემით",0,0.185,0,0,6.5,420,24,48,5,777,44.4,88.8,9.25
"ჩხირები ""თვიგი"" ქოქოსით და ნაღების შიგთავსით",0,0.185,0,0,4.4,450,25,50,5,832.5,46.25,92.5,9.25
"მაფინი ""მადამდე"" შოკოლადის",0,0.38,0,0,6.95,420,22,55,4.5,1596,83.6,209,17.1
"მაფინი ""მადამდე"" ვანილის შოკოლადით",0,0.38,0,0,6.95,425,23,54,4.5,1615,87.4,205.2,17.1
"ორცხობილა ""ბისმაკი"" კლასიკური",0,0.36,0,0,2.5,460,20,65,6,1656,72,234,21.6
"ორცხობილა ""საიუბილეო"" ტრადიციული",0,0.112,0,0,2.2,455,21,62,5.5,509.6,23.52,69.44,6.16
"ორცხობილა ""საიუბილეო"" ტრადიციული",0,0.403,0,0,4.99,455,21,62,5.5,1833.65,84.63,249.86,22.165
"ორცხობილა სენდვიჩი ""ორეო"" შოკოლადის ვანილის შიგთავსით",0,0.095,0,0,2.75,480,26,58,4,456,24.7,55.1,3.8
"ორცხობილა სენდვიჩი ""ორეო"" შოკოლადის ვანილის შიგთავსით",0,0.038,0,0,1.3,480,26,58,4,182.4,9.88,22.04,1.52
"ორცხობილა ""საიუბილეო"" სამარხვო",0,0.224,0,0,4.2,440,18,65,5,985.6,40.32,145.6,11.2
"ორცხობილა ""საიუბილეო"" რძიანი",0,0.112,0,0,2.3,465,22,60,5.5,520.8,24.64,67.2,6.16
"ორცხობილა ""საიუბილეო"" ტრადიციული (1+1)",0,0.224,0,0,5.2,455,21,62,5.5,1019.2,47.04,138.88,12.32
"ორცხობილა სენდვიჩი ""პრინცესა"" კაკაოს კრემით",0,0.15,0,0,1.95,475,25,56,4.5,712.5,37.5,84,6.75
"ორცხობილა სენდვიჩი ""ორეო"" შოკოლადის ვანილის შიგთავსით",0,0.228,0,0,6.2,480,26,58,4,1094.4,59.28,132.24,9.12
"ორცხობილა ""ლავიტა"" ჟოლოს ჟელეს შიგთავსით",0,0.135,0,0,3.5,470,24,59,4.5,634.5,32.4,79.65,6.075
ორცხობილა იაშკინო ხორბლის,0,0.35,0,0,3.4,450,18,65,6,1575,63,227.5,21
"ორცხობილა ""ბისმაკი"" პეტიტ ბიურე",0,0.4,0,0,3.95,465,22,60,5.5,1860,88,240,22
"ორცხობილა ""ფორსაიტი"" შოკოლადისა და თხილის გემოთი",0,0.22,0,0,3.3,485,27,55,5,1067,59.4,121,11
"ორცხობილა ""იაშკინო"" შოკოლადის ნატეხებით",0,0.2,0,0,3.2,480,26,58,4.5,960,52,116,9
"ორცხობილა ""ბელვიტა"" თაფლით",0,0.225,0,0,5.95,460,20,62,5,1035,45,139.5,11.25
"ორცხობილა ""ხრუსტიმი"" სტეიკის და შავი პილპილის",0,0.07,0,0,1.95,420,22,55,6,294,15.4,38.5,4.2
"ორცხობილა ""იაშკინო"" ალუბლის ჟელეთი",0,0.137,0,0,2.45,465,22,60,5,637.05,30.14,82.2,6.85
"ორცხობილა ""იაშკინო"" მარწყვით",0,0.19,0,0,1.99,460,21,62,5,874,39.9,117.8,9.5
"ორცხობილა ""ხრუსტიმი"" ყველის ჩხირები",0,0.07,0,0,1.95,420,22,55,6,294,15.4,38.5,4.2
"ორცხობილა ""მალოჩნიკი""",0,0.32,0,0,2.95,450,18,65,5.5,1440,57.6,208,17.6
"ორცხობილა შვრიის ""სანდომი""",0,0.36,0,0,5.45,455,20,63,5.5,1638,72,226.8,19.8
"ორცხობილა ""ფორსაიტი შოკოლადისა და ნაღების გემოთი",0,0.22,0,0,3.3,475,25,57,4.5,1045,55,125.4,9.9
"ორცხობილა ""ლავიტა"" ლიმონით",0,0.152,0,0,4.8,460,21,62,5,699.2,31.92,94.24,7.6
"ორცხობილა ""სანდომი"" ხრაშუნა ყურები",0,0.3,0,0,5.95,470,23,59,5,1410,69,177,15
"ორცხობილა ""დო კავი"" რძიანი",0,0.37,0,0,4.5,465,22,60,5.5,1720.5,81.4,222,20.35
"ორცხობილა ""იაშკინო"" ნაღებით",0,0.19,0,0,3.2,475,24,58,4.5,902.5,45.6,110.2,8.55
"ორცხობილა ""ტუტკუ""",0,0.18,0,0,4.55,450,19,64,6,810,34.2,115.2,10.8
"ორცხობილა ""ლავიტა"" ბრაუნი კაკაოთი",0,0.152,0,0,4.8,480,26,56,4,729.6,39.52,85.12,6.08
"ორცხობილა გლაზირებული ""ჩოკო პაი""",0,0.36,0,0,13.45,485,27,55,4.5,1746,97.2,198,16.2
"ორცხობილა ""სანდომი"" ბანანი ფორთოხლის ჯემით",0,0.48,0,0,6.9,465,22,60,5,2232,105.6,288,24
"ორცხობილა გლაზირებული ""ჩოკო პაი""",0,0.18,0,0,4.49,485,27,55,4.5,873,48.6,99,8.1
"ორცხობილა ""ლავიტა"" კაკაოთი შოკოლადის გლაზურით",0,0.15,0,0,3.85,490,28,54,4,735,42,81,6
"ორცხობილა ""სანდომი"" ბალიში ალუბლის ჯემით",0,0.35,0,0,5.9,470,23,59,5,1645,80.5,206.5,17.5
"ორცხობილა ""სანდომი"" ნავი ქოქოსით",0,0.35,0,0,5.85,455,20,63,5.5,1592.5,70,220.5,19.25
"ორცხობილა გლაზირებული ""იაშკინო""",0,0.18,0,0,3.9,475,24,58,4.5,855,43.2,104.4,8.1
"ორცხობილა ""სანდომი"" ხრაშუნა ხვეულა",0,0.2,0,0,5.5,465,22,60,5,930,44,120,10
"ბლითი ""კროკო"" მარილიანი",0,0.2,0,0,3.55,420,22,55,6,840,44,110,12
"ორცხობილა ""ბელვიტა"" შოკოლადის მარცვლებით",0,0.225,0,0,5.95,460,20,62,5,1035,45,139.5,11.25
"ორცხობილა სენდვიჩი ""სანდომი"" ალუბლის ჯემით შოკოლადში",0,0.65,0,0,10.9,475,24,58,4.5,3087.5,156,377,29.25
"მიდი კრუასანი ""ბრიმორი"" შოკოლადის შიგთავსით",0,0.055,0,0,1.45,480,26,56,4,264,14.3,30.8,2.2
"ბისკვიტი ""ბარნი"" შოკოლადის შიგთავსით",0,0.03,0,0,1.35,485,27,55,5,145.5,8.1,16.5,1.5
"ბისკვიტი ""ბარნი"" რძიანი შოკოლადის შიგთავსით",0,0.03,0,0,1.35,490,28,54,4.5,147,8.4,16.2,1.35
"მიდი კრუასანი ""ბრიმორი"" მარწყვის შიგთავსით",0,0.055,0,0,1.45,470,25,57,4,258.5,13.75,31.35,2.2
"ბისკვიტი ""ბარნი"" შოკოლადის შიგთავსით",0,0.15,0,0,6.75,485,27,55,5,727.5,40.5,82.5,7.5
"რულეტი ""ვიტბა"" შოკოლადის შიგთავსით",0,0.15,0,0,2.6,475,24,59,4.5,712.5,36,88.5,6.75
"რულეტი ""ვიტბა"" ალუბლის შიგთავსით",0,0.15,0,0,2.6,465,22,60,5,697.5,33,90,7.5
"ბისკვიტი ""ბარნი"" შოკოლადის შიგთავსით",0,0.3,0,0,11.95,485,27,55,5,1455,81,165,15
"ბისკვიტი ""ბარნი"" რძიანი შიგთავსით",0,0.15,0,0,6.75,480,26,56,4.5,720,39,84,6.75
"მინი რულეტი ""ვიტექსი"" შოკოლადით",0,0.15,0,0,3.95,490,28,54,4,735,42,81,6
"მაფინი ""მადამდე"" ხაჭოთი",0,0.21,0,0,3.99,450,23,58,5,945,48.3,121.8,10.5
"მინი რულეტი ""ვიტექსი"" ფორთოხლით",0,0.15,0,0,3.95,485,27,55,5,727.5,40.5,82.5,7.5
"ბისკვიტი ""მილკა"" შოკოლადის შიგთავსით და ნატეხებით",0,0.175,0,0,8.95,475,24,59,4.5,831.25,42,103.25,7.875
"ფუნთუშა ""ვინილი"" ალუბლით",0,0.2,0,0,2.5,460,21,62,5.5,920,42,124,11
"ვაფლის რულეტი ""ვიტბა"" შოკოლადის მინანქრით",0,0.1,0,0,2.4,480,26,56,4,480,26,56,4
"ვაფლი ""ვაფლიმი"" კაკაოს კრემით",0,0.17,0,0,1.59,485,27,55,4.5,824.5,45.9,93.5,7.65
"ვაფლი ""ვაფლიმი"" დღე და ღამე",0,0.17,0,0,1.59,490,28,54,4,833,47.6,91.8,6.8
ვაფლის ჩხირები ”იაშკინო” შედედებული რძით,0,0.19,0,0,3.2,485,27,55,4.5,921.5,51.3,104.5,8.55
"ვაფლი ""სანდომი"" შავი შოკოლადით სამარხვო",0,0.216,0,0,3.6,475,25,58,5,1026,54,125.28,10.8
ვაფლის ჩხირები ”კონაფეტო” კაკაოს შიგთავსით,0,0.156,0,0,3.8,480,26,56,4.5,748.8,40.56,87.36,7.02
ვაფლის ჩხირები ”კონაფეტო” რძიანი შიგთავსით,0,0.156,0,0,3.8,485,27,55,4.5,756.6,42.12,85.8,7.02
ვაფლი იაშკინო კარამელით,0,0.29,0,0,3.95,490,28,54,4,1421,81.2,156.6,11.6
"ვაფლი ""ჩაიკა"" კაკაოს მუსით",0,0.3,0,0,3.65,475,24,59,4.5,1425,72,177,13.5
"კანფეტი შოკოლადის ""ჯეკი""",0,0.225,0,0,6.5,510,30,52,5,1147.5,67.5,117,11.25
"ვაფლის ტორტი ""ბისმაკი"" შოკოლადის მიწისთხილით",0,0.25,0,0,4.5,495,28,56,4.5,1237.5,70,140,11.25
"ბამბუკის ჩხირი ""კრესკო"" შოკოლადით",0,0.14,0,0,4.2,485,27,55,4,679,37.8,77,5.6
"ვაფლი ""მიშკა კასალაპი""",0,0.22,0,0,7.9,480,26,57,4.5,1056,57.2,125.4,9.9
"ვაფლის ტორტი ""ვიტბა"" ქოქოსით",0,0.18,0,0,4.5,490,28,54,4,882,50.4,97.2,7.2
"ვაფლის ტორტი ""ბისმაკი"" შოკოლადის",0,0.18,0,0,2.99,495,29,53,4.5,891,52.2,95.4,8.1
"ვაფლი ""როშენ ვაფერს"" შოკოლადის",0,0.216,0,0,4.7,485,27,55,4.5,1047.6,58.32,118.8,9.72
"ვაფლი ""როშენ ვაფერს"" თხილის მუსით",0,0.216,0,0,4.7,490,28,54,5,1058.4,60.48,116.64,10.8
"ვაფლი დიაბეტური ""ხბფ"" კაკაოთი",0,0.13,0,0,2.95,450,24,58,5,585,31.2,75.4,6.5
"ვაფლი ვენური ""აკულჩევი"" შედედებული რძით",0,0.1,0,0,2.95,475,25,57,4.5,475,25,57,4.5
"ვაფლის ტორტი "" იაშკინო"" შოკოლადის გლაზურით და თხილით",0,0.25,0,0,6.5,500,29,52,5,1250,72.5,130,12.5
"ვაფლის ტორტი "" იაშკინო"" შოკოლადის მიწისთხილით და თხილით",0,0.25,0,0,4.95,505,30,51,5,1262.5,75,127.5,12.5
"კანფეტი ვაფლით ""რაფაელო""",0,0.04,0,0,4.95,530,33,49,5,212,13.2,19.6,2
"კანფეტი დრაჟე ""იაშკინო"" მიწისთხილით",0,0.5,0,0,15.5,495,28,56,5.5,2475,140,280,27.5
"კანფეტი დრაჟე ""ემოჯი""",0,0.08,0,0,6.3,450,25,55,4,360,20,44,3.2
"კანფეტი შოკოლადის ""ბორა-ბორა"" ქოქოსით",0,0.2,0,0,5,510,30,52,5,1020,60,104,10
"კანფეტი სუფლე ""მარსიანკა"" ტირამისუ",0,0.2,0,0,4.99,495,28,54,4.5,990,56,108,9
"კანფეტი შოკოლადის ""სანდომი"" ჩიტის რძე შედედებული რძით",0,0.3,0,0,8.95,505,29,53,5.5,1515,87,159,16.5
"კანფეტი შოკოლადის ტრუფელი ""ფინქი""",0,0.163,0,0,7.95,520,32,50,5,847.6,52.16,81.5,8.15
"კანფეტი შოკოლადის ""ჩიო რიო""",0,0.5,0,0,9.95,515,31,51,4.5,2575,155,255,22.5
"კანფეტი შოკოლადის ""ფერერო როშე""",0,0.0375,0,0,5.5,530,33,49,5,198.75,12.375,18.375,1.875
"კანფეტი ""სანდომი"" გრილიაჟი",0,0.21,0,0,4.75,485,27,55,4.5,1018.5,56.7,115.5,9.45
კანფეტი შოკოლადის ”მექსიკანა”,0,0.5,0,0,7.2,500,29,52,5,2500,145,260,25
"კანფეტი სუფლე ""რაისკიე ობლაკა"" ნაღების",0,0.2,0,0,5.95,490,28,54,4.5,980,56,108,9
"კანფეტი შოკოლადის ""კობარდე""",0,0.135,0,0,4,525,32,50,5,708.75,43.2,67.5,6.75
"კანფეტი შოკოლადის ""გლეისი""",0,0.5,0,0,5.9,510,30,52,4.5,2550,150,260,22.5
"კანფეტი შოკოლადის ""სტარტ კოკო"" ქოქოსით",0,0.2,0,0,5.35,515,31,51,5,1030,62,102,10
"კანფეტი შოკოლადის ""ოტლომი""",0,0.2,0,0,6.5,505,29,53,5,1010,58,106,10
კანფეტი შოკოლადის ”ჯეთსი”,0,0.5,0,0,5.9,520,32,50,4.5,2600,160,250,22.5
"კანფეტი შოკოლადის ""Pure Love"" ნუგა",0,0.5,0,0,13.95,535,34,48,5.5,2675,170,240,27.5
კანფეტი შოკოლადის ”როდეო”,0,0.5,0,0,6.95,515,31,51,5,2575,155,255,25
"კანფეტი შოკოლადის ""ოქროს ლილია""",0,0.2,0,0,6.95,525,32,50,5,1050,64,100,10
კანფეტი შოკოლადის ”ფურორი” ნუგა და კარამელი,0,0.5,0,0,7.2,530,33,49,5,2650,165,245,25
"კანფეტი შოკოლადის ""სლადუნიცა"" ბრაუნის",0,0.5,0,0,10.95,540,35,47,4.5,2700,175,235,22.5
"კანფეტი შოჯოლადის ""ვერსალი""",0,0.5,0,0,8.2,515,31,51,4.5,2575,155,255,22.5
"კანფეტი შოკოლადის ""სლადუნიცა"" ჩიზქეიქი",0,0.5,0,0,10.95,525,32,50,5,2625,160,250,25
კანფეტი შოკოლადის ”როშენი” ქენდი ნათს კარამელით და მიწის თხილით,0,0.35,0,0,7.5,530,33,49,5.5,1855,115.5,171.5,19.25
"კანფეტი შოკოლადის ""იარჩე"" მიწის თხილით",0,0.5,0,0,6.4,520,32,50,5,2600,160,250,25
"კანფეტი ჰალვა ""მიშკინო"" შოკოლადით და მიწის თხილით",0,0.24,0,0,5.8,535,34,48,6,1284,81.6,115.2,14.4
კანფეტი შოკოლადის “ჰითმიქსი” მიწისთხილით,0,0.5,0,0,11.95,525,32,50,5,2625,160,250,25
"კანფეტი შოკოლადის ""ჟელეინიე"" ალუბლის ჟელეთი",0,0.5,0,0,5.9,485,27,55,4,2425,135,275,20
"კანფეტი შოკოლადის ""ბეიბიფოქსი"" რძიანი შიგთავსით",0,0.12,0,0,6.2,510,30,52,4.5,612,36,62.4,5.4
"კანფეტი ვაფლით ""კრასნი ოქტიაბრი"" მიშკა კასალაპი",0,0.2,0,0,13.9,495,28,54,5,990,56,108,10
"კანფეტი შოკოლადის ""ნათ სთორი"" მიწის თხილით",0,0.5,0,0,15.5,520,32,50,5,2600,160,250,25
"ჟელიბონი ""იამმი გამმი"" ფანი კოლა",0,0.07,0,0,4.5,350,0.2,86,1.5,245,0.14,60.2,1.05
"ჟელიბონი ""იამმი გამმი"" ფიზი ვორმს",0,0.07,0,0,4.5,355,0.3,87,1.8,248.5,0.21,60.9,1.26
"ჟელიბონი ""იამმი გამმი"" მინი ბეარ მიქს",0,0.07,0,0,2.69,360,0.4,88,2,252,0.28,61.6,1.4
"კანფეტი ჟელე ""როშენი"" ფუტკრები",0,0.5,0,0,7.95,345,0.1,85,1.2,1725,0.5,425,6
"კანფეტი ჟელე ""ნესი""",0,0.5,0,0,5.7,340,0.2,84,1,1700,1,420,5
"კანფეტი საღეჭი ""როშენი"" ჟელი ფრუტი",0,0.5,0,0,7.2,370,0.3,92,1.5,1850,1.5,460,7.5
"კანფეტი მარმელადი ""აზოვი"" ხილის მიქსი",0,0.3,0,0,4.35,385,0.5,82,1.8,1155,1.5,246,5.4
კანფეტი საღეჭი ”როშენი” ჟელი ფრუტი,0,0.41,0,0,6.3,370,0.3,92,1.5,1517,1.23,377.2,6.15
"კანფეტი საღეჭი ""ტოფიქსი"" ხილის",0,0.2,0,0,4,375,0.2,94,1.2,750,0.4,188,2.4
"კანფეტი ირისი ""მიეშკო"" კაროვკა",0,0.215,0,0,4.95,440,12,78,2.5,946,25.8,167.7,5.375
"კანფეტი კარამელი ""ესტელლა"" კოწახური",0,0.25,0,0,3.95,475,24,61,3.8,1187.5,60,152.5,9.5
"კანფეტი კარამელი ""როშენი"" ბიმ-ბომ",0,0.5,0,0,6.65,455,19,69,3.2,2275,95,345,16
"კანფეტი კარამელი ""როშენი"" მალოჩნაია კაპლია",0,0.5,0,0,8.3,465,21,66,3,2325,105,330,15
კანფეტი ირისი ”როშენი” მინკი ბინკი,0,0.41,0,0,7.2,435,11,79,2.2,1783.5,45.1,323.9,9.02
კანფეტი კარამელი ”როშენი” კიბოს კისერი,0,0.41,0,0,7.5,475,24,63,3.9,1947.5,98.4,258.3,15.99
"კანფეტი კარამელი ""კრემკა"" რძიანი",0,0.5,0,0,5.95,465,22,65,3,2325,110,325,15
კანფეტი კარამელი ”როშენი” ბიმ-ბომ,0,0.41,0,0,5.95,455,19,69,3.2,1865.5,77.9,282.9,13.12
კანფეტი კარამელი ”როშენი” მალოჩნაია კაპლია,0,0.41,0,0,7.5,465,21,66,3,1906.5,86.1,270.6,12.3
"კანფეტი კარამელი ""ლომტიკი"" ხილის მიქსი",0,0.5,0,0,4.9,450,18,70,2.8,2250,90,350,14
"კანფეტი კარამელი ჯოხზე ""ტროლები""",0,0.0114,0,0,0.3,460,20,68,2.5,52.44,2.28,7.752,0.285
კანფეტი კარამელი ჯოხზე სპირალი,0,0.04,0,0,1.5,470,23,67,2.2,188,9.2,26.8,0.88
"მარმელადი ჯოხზე ""ვიდალი""",0,0.04,0,0,1.95,445,15,75,2.5,178,6,30,1
"კანფეტი დრაჟე ""ქოსბი""",0,0.027,0,0,1.95,420,8,82,2,113.4,2.16,22.14,0.54
"კანფეტი კარამელი ჯოხზე ""ჩუპა ჩუპსი"" XXL",0,0.029,0,0,1.1,480,25,65,2.8,139.2,7.25,18.85,0.812
"კანფეტი სიურპრიზით ""ქოსბი""",0,0.006,0,0,1.95,435,10,78,3,26.1,0.6,4.68,0.18
"ვაფლის კორნეტი ""ოზმო"" შოკოლადით",0,0.025,0,0,1.95,510,28,60,5,127.5,7,15,1.25
"კანფეტი კარამელი ჯოხზე ""ჩუპა ჩუპსი"" მელოდი პოპს",0,0.015,0,0,1.4,475,24,64,2.5,71.25,3.6,9.6,0.375
"კანფეტი კარამელი ჯოხზე ""ოზმო ფან"" რძიანი შოკოლადით",0,0.023,0,0,2.75,495,26,62,4,113.85,5.98,14.26,0.92
"შოკოლადის ბატონი ""ქინდერი"" (4ც)",0,0.05,0,0,3.45,550,32,58,6,275,16,29,3
"კანფეტი დრაჟე ""პანდა""",0,0.15,0,0,7.3,415,7,84,2.2,622.5,10.5,126,3.3
"შოკოლადის კვერცხი სიურპიზით და ფანეტელბით ""ქოსბი"" ბიჭისთვის",0,0.02,0,0,3.2,520,30,55,5,104,6,11,1
"შოკოლადის კვერცხი სიურპრიზით ""ქინდერი""",0,0.02,0,0,4.35,565,35,52,7,113,7,10.4,1.4
"შოკოლადის კვერცხი სიურპიზით და ფანეტელბით ""ქოსბი"" გოგოსთვის",0,0.02,0,0,3.2,520,30,55,5,104,6,11,1
"შოკოლადის კვერცხი სიურპრიზით ""ოზმო""",0,0.02,0,0,3.75,530,32,54,4.5,106,6.4,10.8,0.9
"ჟელიბონი ""ბებეტო"" ბელთი",0,0.075,0,0,3.95,345,0.2,85,2,258.75,0.15,63.75,1.5
"კექსი ""ოზმო"" ოგოპოგო",0,0.034,0,0,1.3,420,18,60,4,142.8,6.12,20.4,1.36
"ბისკვიტი ""ქინდერი"" დელისი შოკოლადით",0,0.042,0,0,2.2,490,25,62,5.5,205.8,10.5,26.04,2.31
"ჟელიბონი ""ჰარიბო"" ოქროს დათვები",0,0.08,0,0,4.5,340,0.1,84,2.5,272,0.08,67.2,2
"ჟელიბონი ""ჰარიბო"" კოლა",0,0.08,0,0,4.5,335,0.2,83,2,268,0.16,66.4,1.6
"ჟელიბონი ""ჰარიბო"" მატლები",0,0.08,0,0,4.5,350,0.3,86,2.2,280,0.24,68.8,1.76
"ჟელიბონი ""ბებეტო"" თასმები",0,0.075,0,0,3.95,355,0.4,87,1.8,266.25,0.3,65.25,1.35
"ზეფირი ""ფანი"" კონუსი",0,0.175,0,0,5.5,380,2,82,3,665,3.5,143.5,5.25
"ხილის ფაფა ""აგუშა"" ვაშლი-მაყვალი-ჟოლო",0,0.09,0,0,2.6,85,0.5,18,0.5,76.5,0.45,16.2,0.45
"ხილის ფაფა ""აგუშა"" მულტიხილი",0,0.09,0,0,2.6,82,0.4,19,0.4,73.8,0.36,17.1,0.36
"ხილის ფაფა ""აგუშა"" ვაშლი",0,0.09,0,0,2.6,80,0.3,20,0.3,72,0.27,18,0.27
"ჟელიბონი ""ჰარიბო"" ვარსკვლავების მიქსი",0,0.08,0,0,4.5,340,0.2,83,2.2,272,0.16,66.4,1.76
"ხილის ფაფა ""აგუშა"" ვაშლი-მარწყვი-ჟოლო",0,0.09,0,0,2.6,82,0.4,19,0.4,73.8,0.36,17.1,0.36
"ხილის ფაფა ""აგუშა"" ვაშლი-ატამი",0,0.09,0,0,2.6,80,0.3,20,0.3,72,0.27,18,0.27
"საღეჭი რეზინი ""ფანი"" ხილის",0,0.075,0,0,2.95,360,0.5,88,2,270,0.375,66,1.5
"ხილის ფაფა ""აგუშა"" მსხალი",0,0.09,0,0,2.6,78,0.2,19,0.2,70.2,0.18,17.1,0.18
"ხილის ფაფა ""აგუშა"" ვაშლი-ბანანი-ნამცხვარი",0,0.09,0,0,2.6,81,0.3,19,0.4,72.9,0.27,17.1,0.36
"ხილის ფაფა ""აგუშა"" ვაშლი-მსხალი-ბანანი-მანგო",0,0.09,0,0,2.6,83,0.4,18,0.3,74.7,0.36,16.2,0.27
"კანფეტი სიურპრიზით ""ოკინ"" გოგოსთვის",1,0,0,0,9.9,450,15,75,4,450,9.9,450,15
"კანფეტი სიურპრიზით ""ოკინ"" ბიჭისთვის",1,0,0,0,9.9,450,15,75,4,450,9.9,450,15
"ზეფირი ""ბებეტო"" ფერების მიქსი",0,0.03,0,0,2.5,375,1.5,85,2.5,112.5,0.45,25.5,0.75
"ზეფირი ""ბებეტო"" ცისარტყელა",0,0.06,0,0,3.95,370,1.2,86,2.3,222,0.72,51.6,1.38
"შოკოლადის კვერცხი სიურპიზით ""ქინდერი"" ჯოი",0,0.02,0,0,4.2,570,36,50,7,114,7.2,10,1.4
"ზეფირი ""ბებეტო"" როლერი",0,0.06,0,0,3.95,380,1.8,84,2.8,228,1.08,50.4,1.68
"საღეჭი რეზინი ""დიროლი"" საზამთროს და ნესვის კოქტეილი",0,0.0132,0,0,1.4,350,0.3,86,1.5,46.2,0.0396,11.352,0.198
"საღეჭი რეზინი ""დიროლი"" საზამთრო",0,0.0136,0,0,1.4,355,0.2,87,1.2,48.28,0.0272,11.832,0.1632
"საღეჭი რეზინი ""დიროლი"" პიტნის გამყინვარება",0,0.0136,0,0,1.4,350,0.2,86,1.2,47.6,0.0272,11.696,0.1632
"საღეჭი რეზინი ""დიროლი"" ალუბლისა და მარწყვის არომატით",0,0.0136,0,0,1.4,355,0.3,87,1.5,48.28,0.0408,11.832,0.204
"საღეჭი რეზინი ""დიროლი"" XXL ხილის მიქსი",0,0.019,0,0,1.95,360,0.4,88,1.8,68.4,0.076,16.72,0.342
"საღეჭი რეზინი ""დიროლი"" პიტნა",0,0.0136,0,0,1.4,350,0.2,86,1.2,47.6,0.0272,11.696,0.1632
"საღეჭი რეზინი ""დიროლი"" შავი პიტნის გემოთი",0,0.0136,0,0,1.4,355,0.3,87,1.5,48.28,0.0408,11.832,0.204
"საღეჭი რეზინი ""დიროლი"" პიტნა",0,0.0195,0,0,2.7,350,0.2,86,1.2,68.25,0.039,16.77,0.234
"საღეჭი რეზინი ""დიროლი"" იქს-ფრეში საზამთრო",0,0.018,0,0,2.1,345,0.1,85,1,62.1,0.018,15.3,0.18
"საღეჭი რეზინი ""დიროლი"" ხილის ასორტით საბავშვო",0,0.0135,0,0,1.4,360,0.5,88,2,48.6,0.0675,11.88,0.27
"საღეჭი რეზინი ""დიროლი"" ლაიმი და მარწყვი",0,0.0195,0,0,2.7,355,0.3,87,1.5,69.225,0.0585,16.965,0.2925
"საღეჭი რეზინი ""დიროლი"" XXL მარწყვის მიქსი",0,0.019,0,0,1.95,365,0.5,89,2,69.35,0.095,16.91,0.38
"საღეჭი რეზინი ""დიროლი"" იქს-ფრეში მოცვი და ციტრუსი",0,0.016,0,0,2.1,350,0.2,86,1.2,56,0.032,13.76,0.192
"კანფეტი დრაჟე ""სქითლს"" ხილი",0,0.038,0,0,2.2,420,8,82,2,159.6,3.04,31.16,0.76
"შოკოლადის დრაჟე ""m & m"" მიწის თხილთ",0,0.045,0,0,2.5,500,25,60,6,225,11.25,27,2.7
"კანფეტი დრაჟე ""სქითლს"" ტყის კენკრა",0,0.038,0,0,2.2,415,7,84,2.2,157.7,2.66,31.92,0.836
"კანფეტი დრაჟე ""ტიკ-ტაკი"" მენთოლის გემოთი",0,0.016,0,0,2.55,380,2,85,1.5,60.8,0.32,13.6,0.24
"კანფეტი დრაჟე ""ტიკ-ტაკი"" ფორთოხლის გემოთი",0,0.016,0,0,2.55,375,1.8,86,1.2,60,0.288,13.76,0.192
"კანფეტი საღეჭი ""მენთოსი"" ხილის ასორტი",0,0.037,0,0,1.85,360,0.5,88,1.8,133.2,0.185,32.56,0.666
"შოკოლადის დრაჟე ""m & m""",0,0.045,0,0,2.5,490,24,62,5.5,220.5,10.8,27.9,2.475
"ირისი ""მელერი"" შოკოლადი (ყავისფერი)",0,0.038,0,0,1.85,440,12,78,2.5,167.2,4.56,29.64,0.95
"კანფეტი საღეჭი ""ჩუპა ჩუპსი"" კოლა",0,0.047,0,0,2.4,365,0.5,89,2,171.55,0.235,41.83,0.94
"საღეჭი რეზინი ""ბებეტო""",0,0.03,0,0,2.95,355,0.3,87,1.5,106.5,0.09,26.1,0.45
"კანფეტი საღეჭი ""ტოფიტა"" ალუბლის",0,0.047,0,0,1.6,370,0.4,92,1.5,173.9,0.188,43.24,0.705
"კანფეტი საღეჭი ""ტოფიტა"" მარწყვის",0,0.047,0,0,1.6,370,0.4,92,1.5,173.9,0.188,43.24,0.705
"კანფეტი დრაჟე ""ბებეტო"" ხილის მიქსი",0,0.036,0,0,2.55,420,8,82,2,151.2,2.88,29.52,0.72
"კანფეტი დრაჟე ""ბებეტო"" ტროპიკული ხილი",0,0.036,0,0,2.55,415,7,84,2.2,149.4,2.52,30.24,0.792
"ნაყინი ჭიქის ""თოლია"" ვანილის",0,0,0,110,1.2,220,12,25,3,242,13.2,27.5,3.3
"ნაყინი ჯოხზე ""თოლია"" შოკოლადის/შავი შოკოლადის სარკალში",0,0,0,95,1.2,320,20,32,4,304,19,30.4,3.8
"ნაყინი ჯოხზე ""თოლია"" ვანილის/რძიანი შოკოლადის სარკალში",0,0,0,95,1.2,310,19,31,3.5,294.5,18.05,29.45,3.325
"ნაყინი ""ნუვო"" შოკოლადის/შესქელებული რძით/შავი შოკოლადის სარკალში",0,0,0,130,2.5,280,16,30,3.2,364,20.8,39,4.16
"ნაყინი სენდვიჩი ""თოლია""",0,0,0,110,1.8,260,14,28,3.5,286,15.4,30.8,3.85
"ნაყინი ჭიქის ""თოლია"" შოკოლადის",0,0,0,110,1.2,230,13,26,3,253,14.3,28.6,3.3
"ნაყინი ""ნუვო"" ვანილის/კარამელით/რძიანი შოკოლადის სარკალში",0,0,0,130,2.5,275,15,29,3.8,357.5,19.5,37.7,4.94
"ნაყინი სენდვიჩი ""ჯენიო"" რძიანი შოკოლადით",0,0,0,135,2.5,250,14,27,3.2,337.5,18.9,36.45,4.32
"ნაყინი სენდვიჩი ""თოლია"" ვანილის/ნამცხვრის ფირფიტებით",0,0,0,110,1.8,265,15,28,3.5,291.5,16.5,30.8,3.85
"ნაყინი ""ლოლო"" მარწყვის",0,0,0,120,1.8,190,10,22,2,228,12,26.4,2.4
"ნაყინი ჭიქის ""თოლია"" კრემბრულე",0,0,0,110,1.2,240,14,26,3.2,264,15.4,28.6,3.52
"ნაყინი ჯოხზე ""ესკიმა"" შოკოლადის/შავი შოკოლადის სარკალში არაქისით",0,0,0,130,1.8,340,22,30,4,442,28.6,39,5.2
"ნაყინი ესკიმო ""ინდიგო"" თხილის შოკოლადით",0,0,0,130,3.5,330,21,29,3.8,429,27.3,37.7,4.94
"ნაყინი ""ლოლო"" ვანილის",0,0,0,120,1.8,200,11,23,2.5,240,13.2,27.6,3
"ნაყინი ჯოხზე ""ინდიგო"" ვანილის/რძიანი შოკოლადის სარკალში",0,0,0,130,3.5,300,18,31,3.5,390,23.4,40.3,4.55
"შოკოლადის ნაყინი ჯოხზე ""ინდიგო"" შავი შოკოლადის სარკალში",0,0,0,130,3.5,310,19,31,3.8,403,24.7,40.3,4.94
"ნაყინი ესკიმო ""ინდიგო"" ნუშის თეთრი შოკოლადით",0,0,0,130,3.5,340,22,30,4,442,28.6,39,5.2
"ნაყინი ჭიქის ""თოლია"" ვანილის/მარწყვის ჯემით",0,0,0,110,1.2,210,12,24,3,231,13.2,26.4,3.3
"ნაყინი ჭიქის ""თოლია"" ვანილი/შოკოლადი",0,0,0,110,1.2,225,13,25,3.2,247.5,14.3,27.5,3.52
"ნაყინი სიურპრიზით ""სკუპი"" ვანილის/რძიანი შოკოლადის ბურთულებით /ბიჭი/",0,0.06,0,0,3.9,290,17,28,3.5,174,10.2,16.8,2.1
"ნაყინი სიურპრიზით ""სკუპი"" ვანილის/რძიანი შოკოლადის ბურთულებით /გოგო/",0,0.06,0,0,3.9,290,17,28,3.5,174,10.2,16.8,2.1
"ნაყინი ჯოხზე ""თოლია"" ვანილი/რძიანი შოკოლადი",0,0,0,130,1.8,305,18,30,3.7,396.5,23.4,39,4.81
"ნაყინი სენდვიჩი ""თოლია"" კრემ-ბრიულე",0,0,0,110,1.8,255,14,27,3.3,280.5,15.4,29.7,3.63
"ნაყინი ჭიქის ""თოლია"" ვანილის/კარამელით",0,0,0,110,1.2,235,13,26,3.2,258.5,14.3,28.6,3.52
"ნაყინი საოჯახო ""თოლია"" ვანილი/შოკოლადი/კრემ-ბრულე",0,0,0,5000,29,240,14,26,3.5,12000,700,1300,175
"ნაყინი საოჯახო ""თოლია"" ვანილის",0,0,0,1000,7.8,200,11,23,2.8,2000,110,230,28
"ნაყინი საოჯახო ""თოლია"" ვანილი/შოკოლადი",0,0,0,1000,7.8,200,11,23,2.8,2000,110,230,28
"ნაყინი საოჯახო ""თოლია"" კრემბრიულე",0,0,0,1000,7.8,240,14,26,3.5,2400,140,260,35
"ნაყინი საოჯახო ""თოლია"" შოკოლადის",0,0,0,1000,7.8,245,14,26,3.6,2450,140,260,36
"ნაყინი საოჯახო ""თოლია"" ვანილის",0,0,0,2000,13.8,200,11,23,2.8,4000,220,460,56
"ნაყინი საოჯახო ""თოლია"" ვანილის",0,0,0,5000,29,200,11,23,2.8,10000,550,1150,140
"ნაყინი საოჯახო ""თოლია"" ვანილი/შოკოლადი",0,0,0,2000,13.8,200,11,23,2.8,4000,220,460,56
"ნაყინი საოჯახო ""თოლია"" ვანილი/შოკოლადი/მარწყვი",0,0,0,2000,13.8,205,11,24,2.9,4100,220,480,58
"ნაყინი საოჯახო ""თოლია"" ვანილის/მარწყვის ჯემით",0,0,0,1000,7.8,200,11,23,2.8,2000,110,230,28
"ნაყინი საოჯახო ""თოლია"" მარწყვი",0,0,0,1000,7.8,195,10,22,2.5,1950,100,220,25
ჰალვა მზესუმზირის „მააგ“,0,0.2,0,0,1.99,520,30,55,8,1040,60,110,16
ჰალვა მზესუმზირის „მააგ“ არაქისით,0,0.2,0,0,2.8,540,35,50,10,1080,70,100,20
"გოზინაყი მზესუმზირის ""აზოვი""",0,0.15,0,0,1.65,510,28,58,7,765,42,87,10.5
"რაჰათ-ლუქუმი ""აზოვი"" ხილის მიქსი",0,0.2,0,0,3.8,380,1,92,1.5,760,2,184,3
"გოზინაყი მზესუმზირის ""აზოვი"" ასორტი",0,0.28,0,0,3.99,515,29,56,8,1442,81.2,156.8,22.4
"გოზინაყი მიწის თხილის ""სანდომი""",0,0.5,0,0,12.5,530,32,54,9,2650,160,270,45
"ჰალვა მზესუმზირის დიაბეტური ""ხბფ"" ცარსკაია ფრუქტოზაზე",0,0.18,0,0,3.45,450,25,50,6,810,45,90,10.8
"მინი კრუასანი ""7 Days"" კაკაოს კრემით",0,0.06,0,0,2.6,430,22,55,6,258,13.2,33,3.6
"მინი კრუასანი ""7 Days"" კაკაოს კრემით",0,0.185,0,0,6.5,430,22,55,6,795.5,40.7,101.75,11.1
"მიდი კრუასანი ""7 Days"" ვანილის და კაკაოს კრემით",0,0.06,0,0,2.3,440,24,53,5.5,264,14.4,31.8,3.3
"მინი კრუასანი ""ჩიპიკაო"" კაკაოს კრემით",0,0.06,0,0,2.6,420,20,58,5,252,12,34.8,3
"მიდი კრუასანი ""ჩიპიკაო"" კაკაოს კრემით",0,0.06,0,0,2.3,420,20,58,5,252,12,34.8,3
"ზეფირი ""ბელო-როზოვი"" ვანილის და ჟოლოს გემოთი",0,0.26,0,0,5.45,370,1.5,85,2,962,3.9,221,5.2
"ნამცხვარი ""ტკბილი ქვეყანა"" მედოკი",0,0.5,0,0,9.95,480,25,60,4,2400,125,300,20
"ნაზუქი ""ვინილი""",0,0.33,0,0,2.5,500,28,55,3.5,1650,92.4,181.5,11.55
"ფახლავა ""ტიფლის ბაქლავა"" თურქული 12ც",1,0,0,0,10.99,460,26,52,5,460,10.99,460,26
"დუბაის ფახლავა ""ტიფლის ბაქლავა"" 2ც",1,0,0,0,9.95,470,27,50,4.5,470,9.95,470,27
"ღვინო თეთრი ""თელიანი ველი"" წინანდალი (მშრალი)",0,0,0.75,0,15.95,80,0,2,0.1,600,0,15,0.75
"ღვინო თეთრი ""თელიანი ველი"" ალაზნის ველი",0,0,0.75,0,10.95,82,0,2.2,0.1,615,0,16.5,0.75
ღვინო თეთრი „ვაზისა“ კლასიკური (მშრალი),0,0,0.75,0,17.95,78,0,1.8,0.1,585,0,13.5,0.75
ღვინო ქარვისფერი „ვაზისა“ ქვევრი (მშრალი),0,0,0.75,0,18.95,85,0,2.5,0.2,637.5,0,18.75,1.5
"ღვინო თეთრი ""თელიანი ველი"" მწვანე (მშრალი)",0,0,0.75,0,11.95,80,0,2,0.1,600,0,15,0.75
ღვინო თეთრი „კიმელი“ რქაწითელი (მშრალი),0,0,0.75,0,14.95,79,0,2,0.1,592.5,0,15,0.75
"ღვინო წითელი ""თელიანი ველი"" ალაზნის ველი (ნ/ტკბილი)",0,0,0.75,0,12.95,83,0,2.5,0.1,622.5,0,18.75,0.75
"ღვინო წითელი ""თელიანი ველი"" ქინძმარაული (ნ/ტკბილი)",0,0,0.75,0,27.95,84,0,2.6,0.1,630,0,19.5,0.75
"ღვინო წითელი ""თელიანი ველი"" საფერავი (მშრალი)",0,0,0.75,0,18.95,82,0,2.3,0.1,615,0,17.25,0.75
ღვინო წითელი „ვაზისა“ საფერავი (მშრალი),0,0,0.75,0,19.95,82,0,2.3,0.1,615,0,17.25,0.75
ღვინო წითელი „კიმელი“ ქინძმარაული (ნ/ტკბილი),0,0,0.75,0,19.95,85,0,2.8,0.1,637.5,0,21,0.75
"ღვინო ცქრიალა ""მუხრანი"" კლასიკური (ბრუტი)",0,0,0.75,0,12.95,75,0,4,0.1,562.5,0,30,0.75
"ღვინო ცქრიალა ""ფიორელი"" ფრაგოლინო ბიანკო 7%",0,0,0.75,0,14.95,72,0,3.5,0.1,540,0,26.25,0.75
"ლუდი ""ბავარია"" (შუშა)",0,0,0.5,0,4.5,42,0,3.5,0.4,210,0,17.5,2
"ლუდი ""ეფესი"" (შუშა)",0,0,0.45,0,5.3,43,0,3.6,0.4,193.5,0,16.2,1.8
"არაყი ""სერებრიანი კუპაჟ"" 40%",0,0,0.7,0,14.95,231,0,0,0,1617,0,0,0
"არაყი ""ნემიროვი"" დელიკატი",0,0,0.7,0,24.95,230,0,0,0,1610,0,0,0
"ვისკი ""JACK DANIELS"" 40%",0,0,0.7,0,99.95,231,0,0,0,1617,0,0,0
"ვისკი ""JOHN JAMESON"" 40%",0,0,0.7,0,99.95,230,0,0,0,1610,0,0,0
"ვისკი ""Clan Macgregor"" 40%",0,0,1,0,49.95,231,0,0,0,2310,0,0,0
"ვისკი ""JOHNNIE WALKER"" წითელი 40%",0,0,0.5,0,47.95,231,0,0,0,1155,0,0,0
"ვისკი ""Clan Macgregor"" 40%",0,0,0.5,0,29.95,231,0,0,0,1155,0,0,0
"ვისკი ""JACK DANIELS"" Honey",0,0,0.7,0,99.95,235,0,0.5,0,1645,0,3.5,0
"ტეკილა ""Sierra"" სილვერი 38%",0,0,0.7,0,59.95,225,0,0,0,1575,0,0,0
"ჯინი ""Beefeater""",0,0,0.7,0,74.95,235,0,0,0,1645,0,0,0
"ლიქიორი ""BAILEY'S"" 17%",0,0,0.5,0,54.95,330,0,30,0.5,1650,0,150,2.5
"მარტინი ""BIANCO"" 16%",0,0,1,0,54.95,140,0,13,0,1400,0,130,0
"მარტინი ""BIANCO"" 16%",0,0,0.5,0,29.95,140,0,13,0,700,0,65,0
"წყალი სასმელი ""ბაკურიანი"" ციტრუსი",0,0,0.5,0,1.6,40,0,10,0,200,0,50,0
"ცივი ყავა ""MOON WALKER"" კაპუჩინო",0,0,0,240,3.95,55,0,14,0.2,132,0,33.6,0.48
"გამაგრილებელი სასმელი ""iCola""",0,0,0.5,0,0.99,42,0,10.6,0,210,0,53,0
"გამაგრილებელი სასმელი ""iCola""",0,0,2,0,2.95,42,0,10.6,0,840,0,212,0
"გამაგრილებელი სასმელი ""პეპსი""",0,0,2.25,0,3.95,41,0,11,0,922.5,0,247.5,0
"გამაგრილებელი სასმელი ""პეპსი"" ბლექი",0,0,2.25,0,3.95,38,0,9.5,0,855,0,213.75,0
"გამაგრილებელი სასმელი ""პეპსი"" ლიმონი",0,0,0.5,0,1.75,40,0,10,0,200,0,50,0
"ცივი ჩაი ""ლიპტონ"" ჟოლო",0,0,0.5,0,2.3,25,0,6,0,125,0,30,0
"ლიმონათი ""ნატახტარი"" მსხალი",0,0,2,0,4.75,50,0,12,0,1000,0,240,0
"ლიმონათი ""ნატახტარი"" ტარხუნა",0,0,2,0,4.75,48,0,12,0,960,0,240,0
"ლიმონათი ""ნატახტარი"" ლიმონი",0,0,1,0,3.15,49,0,12.5,0,490,0,125,0
"ლიმონათი ""ნატახტარი"" ლიმონი",0,0,2,0,4.75,49,0,12.5,0,980,0,250,0
"ლიმონათი ""ბორჯომი"" მსხალი (შუშა)",0,0,0.5,0,3.45,48,0,12,0,240,0,60,0
"ლიმონათი ""ნატახტარი"" მსხალი",0,0,1,0,3.15,50,0,12,0,500,0,120,0
"ლიმონათი ""ნატახტარი"" ნაღები",0,0,2,0,4.75,48,0,12,0,960,0,240,0
"ლიმონათი ""ნატახტარი"" ნაღები",0,0,1,0,3.15,48,0,12,0,480,0,120,0
"ლიმონათი ""ნატახტარი"" ტარხუნა",0,0,1,0,3.15,48,0,12,0,480,0,120,0
"ლიმონათი ""ნატახტარი"" მსხალი 0 კალორიით",0,0,1,0,3.15,5,0,1.2,0,50,0,12,0
"ლიმონათი ""ბორჯომი"" ტარხუნა (შუშა)",0,0,0.5,0,3.15,48,0,12,0,240,0,60,0
ლიმონათი „ნატახტარი“ ფეიხოა,0,0,1,0,3.45,49,0,12.5,0,490,0,125,0
"ლიმონათი ""ბორჯომი"" მსხალი",0,0,0.33,0,3.15,48,0,12,0,158.4,0,39.6,0
"ლიმონათი ""ნატახტარი"" მსხალი (პეტი)",0,0,0.5,0,2.75,50,0,12,0,250,0,60,0
"წვენი ""ჰოპი"" ბროწეული (ტეტრაპაკი)",0,0,1,0,1.99,45,0,11,0.2,450,0,110,2
"წვენი ""აგუშა"" მსხალი (პაუჩი)",0,0,0.2,0,2.55,52,0,13,0.1,104,0,26,0.2
"წვენი ""სანდორა"" ფორთოხალი-მანდარინი (ტეტრაპაკი)",0,0,0.95,0,2.1,48,0,12,0.1,456,0,114,0.95
"წვენი ""სანდორა"" გრეიპფრუტი (ტეტრაპაკი)",0,0,0.95,0,5.95,42,0,10,0.1,399,0,95,0.95
"წვენი ""აგუშა"" ვაშლი (პაუჩი)",0,0,0.2,0,5.95,46,0,11.5,0.1,92,0,23,0.2
"წვენი ""აგუშა"" ვაშლი-ატამი (პაუჩი)",0,0,0.2,0,2.1,47,0,11.8,0.1,94,0,23.6,0.2
"წვენი ""ლავი"" გარგარი (ტეტრაპაკი)",0,0,1,0,2.1,50,0,12.5,0.2,500,0,125,2
"ენერგეტიკული სასმელი ""iENERGY""",0,0,0.33,0,3.75,45,0,11,0,148.5,0,36.3,0
ენერგეტიკული სასმელი ”რედ ბულ”,0,0,0.25,0,1.2,45,0,11,0,112.5,0,27.5,0
"ღვინო თეთრი ""ალავი"" კახური (მშრალი)",0,0,1,0,4.3,80,0,2,0.1,800,0,20,1
"ღვინო თეთრი ""სმური"" კახური (მშრალი)",0,0,0.75,0,5.5,79,0,2,0.1,592.5,0,15,0.75
"ღვინო თეთრი ""სმური"" ევროპული (მშრალი)",0,0,0.75,0,8.5,78,0,1.8,0.1,585,0,13.5,0.75
ღვინო წითელი''გონაძე'' ხვანჭკარა (ნ/ტკბილი),0,0,0.75,0,39.95,84,0,2.6,0.1,630,0,19.5,0.75
"ღვინო წითელი ""სმური"" საფერავი (მშრალი)",0,0,0.75,0,7.5,82,0,2.3,0.1,615,0,17.25,0.75
"ღვინო წითელი ""სმური"" ალაზნის ველი (ტკბილი)",0,0,0.75,0,7.5,95,0,6,0.1,712.5,0,45,0.75
"ღვინო თეთრი ""ალავი"" კახური (მშრალი)",0,0,5,0,29.95,80,0,2,0.1,4000,0,100,5
"ღვინო ცქრიალა ""ბაგრატიონი"" კლასიკური (ნ/ტკბილი)",0,0,0.75,0,15.95,82,0,4,0.1,615,0,30,0.75
"ღვინო ცქრიალა ""ბაგრატიონი"" კლასიკური (ნ/მშრალი)",0,0,0.75,0,15.95,78,0,3,0.1,585,0,22.5,0.75
"ლუდი ""ნატახტარი"" ექსტრა 8% (ქილა)",0,0,0.5,0,4.95,55,0,5,0.5,275,0,25,2.5
"ლუდი ""ქარვა"" (ქილა)",0,0,0.5,0,3.45,45,0,4,0.4,225,0,20,2
"ლუდი ""ლოვენბრაუ"" (ქილა)",0,0,0.5,0,4.95,47,0,4.2,0.4,235,0,21,2
"ლუდი ""შავი ლომი"" IPA (შუშა)",0,0,0.5,0,6.95,50,0,4.5,0.5,250,0,22.5,2.5
"ლუდი ""ნატახტარი"" (ქილა)",0,0,0.5,0,4.3,42,0,3.5,0.4,210,0,17.5,2
"ლუდი ""ეფეს"" (ქილა)",0,0,0.5,0,5.3,43,0,3.6,0.4,215,0,18,2
"ლუდი ""ჰაინეკენი"" (ქილა)",0,0,0.5,0,5.4,42,0,3.5,0.4,210,0,17.5,2
"ლუდი ""აილუდი"" (პეტი)",0,0,2.5,0,6.49,40,0,3.2,0.3,1000,0,80,7.5
"ლუდი ""ლოვენბრაუ"" (პეტი)",0,0,2.5,0,16.25,47,0,4.2,0.4,1175,0,105,10
"ლუდი ""ქარვა"" (პეტი)",0,0,2.5,0,15.3,45,0,4,0.4,1125,0,100,10
"ლუდი ""კასრის"" (პეტი)",0,0,1.5,0,8.65,38,0,3,0.3,570,0,45,4.5
"ლუდი ""ნატახტარი"" (პეტი)",0,0,2.35,0,13.95,42,0,3.5,0.4,987,0,82.25,9.4
"ლუდი ""ლოვენბრაუ""",0,0,0.5,0,4.95,47,0,4.2,0.4,235,0,21,2
"ლუდი ""კორონა"" ექსტრა",0,0,0.355,0,6.95,41,0,3.3,0.3,145.55,0,11.715,1.065
"ლუდი ""ქარვა""",0,0,0.5,0,4.65,45,0,4,0.4,225,0,20,2
"ლუდი ""ნატახტარი""",0,0,0.5,0,4.3,42,0,3.5,0.4,210,0,17.5,2
"ლუდი ""ტაატი"" ნეიპა (შუშა)",0,0,0.5,0,6.95,48,0,4.5,0.5,240,0,22.5,2.5
"ლუდი ""ბექსი"" (შუშა)",0,0,0.5,0,6.65,42,0,3.5,0.4,210,0,17.5,2
"ლუდი ""კასრის""",0,0,0.5,0,4.3,38,0,3,0.3,190,0,15,1.5
"ლუდი ""ჟიგული""",0,0,0.9,0,7.7,40,0,3.2,0.3,360,0,28.8,2.7
"ლუდი ""ჰაინეკენი""",0,0,0.5,0,5.95,42,0,3.5,0.4,210,0,17.5,2
"კოქტეილი ""შეიკი"" სექსი პლაჟზე",0,0,0.33,0,4.25,95,0,12,0,313.5,0,39.6,0
"არაყი ""უროჟაი"" 40%",0,0,0.25,0,6.5,231,0,0,0,577.5,0,0,0
"არაყი ""ხორტიცა"" აისი",0,0,0.7,0,22.95,230,0,0,0,1610,0,0,0
"არაყი ""სტოლიჩნაია""",0,0,0.7,0,34.95,231,0,0,0,1617,0,0,0
"არაყი ""ხორტიცა"" კლასიკი",0,0,0.7,0,20.95,230,0,0,0,1610,0,0,0
"არაყი ""უროჟაი"" 40%",0,0,0.5,0,8.99,231,0,0,0,1155,0,0,0
"არაყი ""აბსოლუტი"" ბლუ 40%",0,0,1,0,59.95,231,0,0,0,2310,0,0,0
"არაყი ""ფინლანდია"" 40%",0,0,1,0,59.95,231,0,0,0,2310,0,0,0
"არაყი ""სტოლიჩნაია"" ექსელენთი",0,0,0.7,0,39.95,231,0,0,0,1617,0,0,0
"არაყი ""ფინლანდია"" 40%",0,0,0.5,0,22.99,231,0,0,0,1155,0,0,0
"ბრენდი ""სარაჯიშვილი"" 3*",0,0,0.2,0,13.95,230,0,0,0,460,0,0,0
"ბრენდი ""სარაჯიშვილი"" 3*",0,0,0.5,0,23.5,230,0,0,0,1150,0,0,0
"ბრენდი ""St-Remy"" VSOP 40%",0,0,0.7,0,47.95,231,0,0,0,1617,0,0,0
"ბრენდი ""სომხური სიმბოლო""",0,0,0.5,0,16.95,230,0,0,0,1150,0,0,0
"ვისკი ""Old Level"" წითელი 40%",0,0,0.7,0,19.99,231,0,0,0,1617,0,0,0
"ვისკი ""JOHNNIE WALKER"" წითელი 40%",0,0,1,0,84.95,231,0,0,0,2310,0,0,0
"ლიქიორი ""Jagermeister"" 35%",0,0,0.5,0,49.95,320,0,25,0,1600,0,125,0
"წყალი სასმელი ""ბაკურიანი""",0,0,0.5,0,1,0,0,0,0,0,0,0,0
"წყალი სასმელი ""ჯეო ნატურა""",0,0,0.5,0,0.75,0,0,0,0,0,0,0,0
"წყალი სასმელი ""ჯეო ნატურა""",0,0,1.5,0,1.65,0,0,0,0,0,0,0,0
"წყალი სასმელი ""ბაკურიანი"" ციდა",0,0,0.33,0,1.25,10,0,2.5,0,33,0,8.25,0
"წყალი სასმელი ""ბაკურიანი""",0,0,1.5,0,1.9,0,0,0,0,0,0,0,0
"წყალი სასმელი ""ბაკურიანი"" ლიმონის",0,0,0.5,0,1.6,12,0,3,0,60,0,15,0
"წყალი სასმელი ""ბახმარო""",0,0,6,0,5.95,0,0,0,0,0,0,0,0
"წყალი სასმელი ""ბაკურიანი""",0,0,3,0,4.2,0,0,0,0,0,0,0,0
"წყალი სასმელი ""ბაკურიანი""",0,0,6,0,5.95,0,0,0,0,0,0,0,0
"წყალი მინერალური ""ნაბეღლავი""",0,0,1,0,1.95,0,0,0,0,0,0,0,0
"წყალი მინერალური ""ლიკანი""",0,0,1,0,1.75,0,0,0,0,0,0,0,0
"წყალი მინერალური ""ლიკანი""",0,0,1.5,0,2.55,0,0,0,0,0,0,0,0
"წყალი მინერალური ""ბორჯომი""",0,0,1,0,2.3,0,0,0,0,0,0,0,0
"წყალი მინერალური ""ნაბეღლავი""",0,0,0.5,0,1.5,0,0,0,0,0,0,0,0
"წყალი მინერალური ""ლიკანი""",0,0,0.6,0,1.45,0,0,0,0,0,0,0,0
"წყალი მინერალური ""ბორჯომი"" (შუშა)",0,0,0.5,0,2.6,0,0,0,0,0,0,0,0
"წყალი მინერალური ""ბორჯომი""",0,0,0.5,0,1.65,0,0,0,0,0,0,0,0
"წყალი მინერალური ""ბორჯომი"" (ქილა)",0,0,0.33,0,1.85,0,0,0,0,0,0,0,0
"გამაგრილებელი სასმელი ""iFun""",0,0,0.5,0,0.99,38,0,9.5,0,190,0,47.5,0
"მოჰიტო ""myMojito"" კლასიკი (პეტი)",0,0,0,500,0.99,45,0,11,0,225,0,55,0
"გამაგრილებელი სასმელი ""iFun""",0,0,2,0,2.95,38,0,9.5,0,760,0,190,0
"გამაგრილებელი სასმელი ""პეპსი"" ბლექი",0,0,0.5,0,1.75,38,0,9.5,0,190,0,47.5,0
"გამაგრილებელი სასმელი ""პეპსი""",0,0,0.5,0,1.75,41,0,11,0,205,0,55,0
"გამაგრილებელი სასმელი ""პეპსი"" (ქილა)",0,0,0.33,0,1.8,41,0,11,0,135.3,0,36.3,0
"გამაგრილებელი სასმელი ""პეპსი""",0,0,0.25,0,0.95,41,0,11,0,102.5,0,27.5,0
"გამაგრილებელი სასმელი ""პეპსი""",0,0,1.5,0,3.65,41,0,11,0,615,0,165,0
"გამაგრილებელი სასმელი ""მირინდა"" ფორთოხალი",0,0,1.5,0,3.65,42,0,10.5,0,630,0,157.5,0
"გამაგრილებელი სასმელი ""მირინდა"" მწვანე ვაშლი",0,0,0.5,0,1.75,40,0,10,0,200,0,50,0
"გამაგრილებელი სასმელი ""მირინდა"" მწვანე ვაშლი",0,0,1.5,0,3.65,40,0,10,0,600,0,150,0
"ცივი ჩაი ""ლიპტონ"" ატამი",0,0,0.5,0,2.3,25,0,6,0,125,0,30,0
"ლიმონათი ""ბორჯომი"" აჭარული მანდარინი",0,0,0.33,0,2.75,48,0,12,0,158.4,0,39.6,0
"ლიმონათი ""ბორჯომი"" ტარხუნა",0,0,0.33,0,2.75,48,0,12,0,158.4,0,39.6,0
"წვენი ""ჰოპი"" ალუბალი (ტეტრაპაკი)",0,0,1,0,2.55,45,0,11,0.2,450,0,110,2
"წვენი ""ჰოპი"" ატამი (ტეტრაპაკი)",0,0,1,0,2.55,44,0,11,0.2,440,0,110,2
"წვენი ""ლავი"" ალუბალი (ტეტრაპაკი)",0,0,0.2,0,1,46,0,11.5,0.2,92,0,23,0.4
"წვენი ""ჰოპი"" ფორთოხალი (ტეტრაპაკი)",0,0,1,0,2.55,47,0,11.8,0.2,470,0,118,2
"წვენი ""ლავი"" ალუბალი (ტეტრაპაკი)",0,0,1,0,3.75,46,0,11.5,0.2,460,0,115,2
"წვენი ""ლავი"" ბროწეული (ტეტრაპაკი)",0,0,1,0,3.75,48,0,12,0.2,480,0,120,2
"წვენი ""ჰოპი"" ალოე ვერა",0,0,0.5,0,2.49,42,0,10,0.1,210,0,50,0.5
"წვენი ""სანდორა""ატამი(ტეტრაპაკი)",0,0,0.25,0,2.2,44,0,11,0.2,110,0,27.5,0.5
"წვენი ""ლავი"" ატმის ნექტარი (ტეტრაპაკი)",0,0,0.2,0,1,52,0,13,0.1,104,0,26,0.2
"წვენი ""ლავი"" ხილის ნექტარი (ტეტრაპაკი)",0,0,0.2,0,1,50,0,12.5,0.2,100,0,25,0.4
"წვენი ""სანდორა"" ბროწეული და არონია(ტეტრაპაკი)",0,0,0.95,0,5.95,47,0,11.8,0.2,446.5,0,112.1,1.9
"წვენი ""სანდორა"" ალუბალი",0,0,0.25,0,2.2,46,0,11.5,0.2,115,0,28.75,0.5
"წვენი ""სანდორა"" ვაშლი",0,0,0.95,0,5.95,46,0,11.5,0.1,437,0,109.25,0.95
"წვენი ""სანდორა"" ალუბალი",0,0,0.95,0,5.95,46,0,11.5,0.2,437,0,109.25,1.9
"წვენი ""სანდორა"" ატამი",0,0,0.95,0,5.95,44,0,11,0.2,418,0,104.5,1.9
"წვენი ""სანდორა"" მანგო (ტეტრაპაკი)",0,0,0.95,0,5.95,50,0,12.5,0.1,475,0,118.75,0.95
"წვენი ""სანდორა"" მულტიხილი",0,0,0.95,0,5.95,48,0,12,0.2,456,0,114,1.9
"წვენი ""მუნ ბერი"" ალოე ვერა",0,0,0.5,0,2.5,40,0,10,0.1,200,0,50,0.5
"ენერგეტიკული სასმელი ""ბუმ ფაიარ""",0,0,0.33,0,1.8,45,0,11,0,148.5,0,36.3,0
"ენერგეტიკული სასმელი ""ბუმ ფაიარ""",0,0,0,0,1.8,45,0,11,0,0,0,0,0
